record_date,weekday,day_type,special_holiday
2021/1/1,Friday,Weekend,中華民國開國紀念日
2021/1/2,Saturday,Weekend,例假日
2021/1/3,Sunday,Weekend,例假日
2021/1/4,Monday,Weekday,
2021/1/5,Tuesday,Weekday,
2021/1/6,Wednesday,Weekday,
2021/1/7,Thursday,Weekday,
2021/1/8,Friday,Weekday,
2021/1/9,Saturday,Weekend,例假日
2021/1/10,Sunday,Weekend,例假日
2021/1/11,Monday,Weekday,
2021/1/12,Tuesday,Weekday,
2021/1/13,Wednesday,Weekday,
2021/1/14,Thursday,Weekday,
2021/1/15,Friday,Weekday,
2021/1/16,Saturday,Weekend,例假日
2021/1/17,Sunday,Weekend,例假日
2021/1/18,Monday,Weekday,
2021/1/19,Tuesday,Weekday,
2021/1/20,Wednesday,Weekday,
2021/1/21,Thursday,Weekday,
2021/1/22,Friday,Weekday,
2021/1/23,Saturday,Weekend,例假日
2021/1/24,Sunday,Weekend,例假日
2021/1/25,Monday,Weekday,
2021/1/26,Tuesday,Weekday,
2021/1/27,Wednesday,Weekday,
2021/1/28,Thursday,Weekday,
2021/1/29,Friday,Weekday,
2021/1/30,Saturday,Weekend,例假日
2021/1/31,Sunday,Weekend,例假日
2021/2/1,Monday,Weekday,
2021/2/2,Tuesday,Weekday,
2021/2/3,Wednesday,Weekday,
2021/2/4,Thursday,Weekday,
2021/2/5,Friday,Weekday,
2021/2/6,Saturday,Weekend,例假日
2021/2/7,Sunday,Weekend,例假日
2021/2/8,Monday,Weekday,
2021/2/9,Tuesday,Weekday,
2021/2/10,Wednesday,Weekend,除夕及春節連假
2021/2/11,Thursday,Weekend,除夕及春節連假
2021/2/12,Friday,Weekend,除夕及春節連假
2021/2/13,Saturday,Weekend,除夕及春節連假
2021/2/14,Sunday,Weekend,除夕及春節連假
2021/2/15,Monday,Weekend,除夕及春節連假
2021/2/16,Tuesday,Weekend,除夕及春節連假
2021/2/17,Wednesday,Weekday,
2021/2/18,Thursday,Weekday,
2021/2/19,Friday,Weekday,
2021/2/20,Saturday,Weekday,補班
2021/2/21,Sunday,Weekend,例假日
2021/2/22,Monday,Weekday,
2021/2/23,Tuesday,Weekday,
2021/2/24,Wednesday,Weekday,
2021/2/25,Thursday,Weekday,
2021/2/26,Friday,Weekday,
2021/2/27,Saturday,Weekend,例假日
2021/2/28,Sunday,Weekend,例假日
2021/3/1,Monday,Weekend,和平紀念日補假
2021/3/2,Tuesday,Weekday,
2021/3/3,Wednesday,Weekday,
2021/3/4,Thursday,Weekday,
2021/3/5,Friday,Weekday,
2021/3/6,Saturday,Weekend,例假日
2021/3/7,Sunday,Weekend,例假日
2021/3/8,Monday,Weekday,
2021/3/9,Tuesday,Weekday,
2021/3/10,Wednesday,Weekday,
2021/3/11,Thursday,Weekday,
2021/3/12,Friday,Weekday,
2021/3/13,Saturday,Weekend,例假日
2021/3/14,Sunday,Weekend,例假日
2021/3/15,Monday,Weekday,
2021/3/16,Tuesday,Weekday,
2021/3/17,Wednesday,Weekday,
2021/3/18,Thursday,Weekday,
2021/3/19,Friday,Weekday,
2021/3/20,Saturday,Weekend,例假日
2021/3/21,Sunday,Weekend,例假日
2021/3/22,Monday,Weekday,
2021/3/23,Tuesday,Weekday,
2021/3/24,Wednesday,Weekday,
2021/3/25,Thursday,Weekday,
2021/3/26,Friday,Weekday,
2021/3/27,Saturday,Weekend,例假日
2021/3/28,Sunday,Weekend,例假日
2021/3/29,Monday,Weekday,
2021/3/30,Tuesday,Weekday,
2021/3/31,Wednesday,Weekday,
2021/4/1,Thursday,Weekday,
2021/4/2,Friday,Weekend,兒童節補假
2021/4/3,Saturday,Weekend,例假日
2021/4/4,Sunday,Weekend,兒童節、清明節
2021/4/5,Monday,Weekend,清明節補假
2021/4/6,Tuesday,Weekday,
2021/4/7,Wednesday,Weekday,
2021/4/8,Thursday,Weekday,
2021/4/9,Friday,Weekday,
2021/4/10,Saturday,Weekend,例假日
2021/4/11,Sunday,Weekend,例假日
2021/4/12,Monday,Weekday,
2021/4/13,Tuesday,Weekday,
2021/4/14,Wednesday,Weekday,
2021/4/15,Thursday,Weekday,
2021/4/16,Friday,Weekday,
2021/4/17,Saturday,Weekend,例假日
2021/4/18,Sunday,Weekend,例假日
2021/4/19,Monday,Weekday,
2021/4/20,Tuesday,Weekday,
2021/4/21,Wednesday,Weekday,
2021/4/22,Thursday,Weekday,
2021/4/23,Friday,Weekday,
2021/4/24,Saturday,Weekend,例假日
2021/4/25,Sunday,Weekend,例假日
2021/4/26,Monday,Weekday,
2021/4/27,Tuesday,Weekday,
2021/4/28,Wednesday,Weekday,
2021/4/29,Thursday,Weekday,
2021/4/30,Friday,Weekday,
2021/5/1,Saturday,Weekend,例假日
2021/5/2,Sunday,Weekend,例假日
2021/5/3,Monday,Weekday,
2021/5/4,Tuesday,Weekday,
2021/5/5,Wednesday,Weekday,
2021/5/6,Thursday,Weekday,
2021/5/7,Friday,Weekday,
2021/5/8,Saturday,Weekend,例假日
2021/5/9,Sunday,Weekend,例假日
2021/5/10,Monday,Weekday,
2021/5/11,Tuesday,Weekday,
2021/5/12,Wednesday,Weekday,
2021/5/13,Thursday,Weekday,
2021/5/14,Friday,Weekday,
2021/5/15,Saturday,Weekend,例假日
2021/5/16,Sunday,Weekend,例假日
2021/5/17,Monday,Weekday,
2021/5/18,Tuesday,Weekday,
2021/5/19,Wednesday,Weekday,
2021/5/20,Thursday,Weekday,
2021/5/21,Friday,Weekday,
2021/5/22,Saturday,Weekend,例假日
2021/5/23,Sunday,Weekend,例假日
2021/5/24,Monday,Weekday,
2021/5/25,Tuesday,Weekday,
2021/5/26,Wednesday,Weekday,
2021/5/27,Thursday,Weekday,
2021/5/28,Friday,Weekday,
2021/5/29,Saturday,Weekend,例假日
2021/5/30,Sunday,Weekend,例假日
2021/5/31,Monday,Weekday,
2021/6/1,Tuesday,Weekday,
2021/6/2,Wednesday,Weekday,
2021/6/3,Thursday,Weekday,
2021/6/4,Friday,Weekday,
2021/6/5,Saturday,Weekend,例假日
2021/6/6,Sunday,Weekend,例假日
2021/6/7,Monday,Weekday,
2021/6/8,Tuesday,Weekday,
2021/6/9,Wednesday,Weekday,
2021/6/10,Thursday,Weekday,
2021/6/11,Friday,Weekday,
2021/6/12,Saturday,Weekend,例假日
2021/6/13,Sunday,Weekend,例假日
2021/6/14,Monday,Weekend,端午節
2021/6/15,Tuesday,Weekday,
2021/6/16,Wednesday,Weekday,
2021/6/17,Thursday,Weekday,
2021/6/18,Friday,Weekday,
2021/6/19,Saturday,Weekend,例假日
2021/6/20,Sunday,Weekend,例假日
2021/6/21,Monday,Weekday,
2021/6/22,Tuesday,Weekday,
2021/6/23,Wednesday,Weekday,
2021/6/24,Thursday,Weekday,
2021/6/25,Friday,Weekday,
2021/6/26,Saturday,Weekend,例假日
2021/6/27,Sunday,Weekend,例假日
2021/6/28,Monday,Weekday,
2021/6/29,Tuesday,Weekday,
2021/6/30,Wednesday,Weekday,
2021/7/1,Thursday,Weekday,
2021/7/2,Friday,Weekday,
2021/7/3,Saturday,Weekend,例假日
2021/7/4,Sunday,Weekend,例假日
2021/7/5,Monday,Weekday,
2021/7/6,Tuesday,Weekday,
2021/7/7,Wednesday,Weekday,
2021/7/8,Thursday,Weekday,
2021/7/9,Friday,Weekday,
2021/7/10,Saturday,Weekend,例假日
2021/7/11,Sunday,Weekend,例假日
2021/7/12,Monday,Weekday,
2021/7/13,Tuesday,Weekday,
2021/7/14,Wednesday,Weekday,
2021/7/15,Thursday,Weekday,
2021/7/16,Friday,Weekday,
2021/7/17,Saturday,Weekend,例假日
2021/7/18,Sunday,Weekend,例假日
2021/7/19,Monday,Weekday,
2021/7/20,Tuesday,Weekday,
2021/7/21,Wednesday,Weekday,
2021/7/22,Thursday,Weekday,
2021/7/23,Friday,Weekday,
2021/7/24,Saturday,Weekend,例假日
2021/7/25,Sunday,Weekend,例假日
2021/7/26,Monday,Weekday,
2021/7/27,Tuesday,Weekday,
2021/7/28,Wednesday,Weekday,
2021/7/29,Thursday,Weekday,
2021/7/30,Friday,Weekday,
2021/7/31,Saturday,Weekend,例假日
2021/8/1,Sunday,Weekend,例假日
2021/8/2,Monday,Weekday,
2021/8/3,Tuesday,Weekday,
2021/8/4,Wednesday,Weekday,
2021/8/5,Thursday,Weekday,
2021/8/6,Friday,Weekday,
2021/8/7,Saturday,Weekend,例假日
2021/8/8,Sunday,Weekend,例假日
2021/8/9,Monday,Weekday,
2021/8/10,Tuesday,Weekday,
2021/8/11,Wednesday,Weekday,
2021/8/12,Thursday,Weekday,
2021/8/13,Friday,Weekday,
2021/8/14,Saturday,Weekend,例假日
2021/8/15,Sunday,Weekend,例假日
2021/8/16,Monday,Weekday,
2021/8/17,Tuesday,Weekday,
2021/8/18,Wednesday,Weekday,
2021/8/19,Thursday,Weekday,
2021/8/20,Friday,Weekday,
2021/8/21,Saturday,Weekend,例假日
2021/8/22,Sunday,Weekend,例假日
2021/8/23,Monday,Weekday,
2021/8/24,Tuesday,Weekday,
2021/8/25,Wednesday,Weekday,
2021/8/26,Thursday,Weekday,
2021/8/27,Friday,Weekday,
2021/8/28,Saturday,Weekend,例假日
2021/8/29,Sunday,Weekend,例假日
2021/8/30,Monday,Weekday,
2021/8/31,Tuesday,Weekday,
2021/9/1,Wednesday,Weekday,
2021/9/2,Thursday,Weekday,
2021/9/3,Friday,Weekday,
2021/9/4,Saturday,Weekend,例假日
2021/9/5,Sunday,Weekend,例假日
2021/9/6,Monday,Weekday,
2021/9/7,Tuesday,Weekday,
2021/9/8,Wednesday,Weekday,
2021/9/9,Thursday,Weekday,
2021/9/10,Friday,Weekday,
2021/9/11,Saturday,Weekday,補班
2021/9/12,Sunday,Weekend,例假日
2021/9/13,Monday,Weekday,
2021/9/14,Tuesday,Weekday,
2021/9/15,Wednesday,Weekday,
2021/9/16,Thursday,Weekday,
2021/9/17,Friday,Weekday,
2021/9/18,Saturday,Weekend,例假日
2021/9/19,Sunday,Weekend,例假日
2021/9/20,Monday,Weekend,中秋節調整放假
2021/9/21,Tuesday,Weekend,中秋節
2021/9/22,Wednesday,Weekday,
2021/9/23,Thursday,Weekday,
2021/9/24,Friday,Weekday,
2021/9/25,Saturday,Weekend,例假日
2021/9/26,Sunday,Weekend,例假日
2021/9/27,Monday,Weekday,
2021/9/28,Tuesday,Weekday,
2021/9/29,Wednesday,Weekday,
2021/9/30,Thursday,Weekday,
2021/10/1,Friday,Weekday,
2021/10/2,Saturday,Weekend,例假日
2021/10/3,Sunday,Weekend,例假日
2021/10/4,Monday,Weekday,
2021/10/5,Tuesday,Weekday,
2021/10/6,Wednesday,Weekday,
2021/10/7,Thursday,Weekday,
2021/10/8,Friday,Weekday,
2021/10/9,Saturday,Weekend,例假日
2021/10/10,Sunday,Weekend,國慶日
2021/10/11,Monday,Weekend,國慶日補假
2021/10/12,Tuesday,Weekday,
2021/10/13,Wednesday,Weekday,
2021/10/14,Thursday,Weekday,
2021/10/15,Friday,Weekday,
2021/10/16,Saturday,Weekend,例假日
2021/10/17,Sunday,Weekend,例假日
2021/10/18,Monday,Weekday,
2021/10/19,Tuesday,Weekday,
2021/10/20,Wednesday,Weekday,
2021/10/21,Thursday,Weekday,
2021/10/22,Friday,Weekday,
2021/10/23,Saturday,Weekend,例假日
2021/10/24,Sunday,Weekend,例假日
2021/10/25,Monday,Weekday,
2021/10/26,Tuesday,Weekday,
2021/10/27,Wednesday,Weekday,
2021/10/28,Thursday,Weekday,
2021/10/29,Friday,Weekday,
2021/10/30,Saturday,Weekend,例假日
2021/10/31,Sunday,Weekend,例假日
2021/11/1,Monday,Weekday,
2021/11/2,Tuesday,Weekday,
2021/11/3,Wednesday,Weekday,
2021/11/4,Thursday,Weekday,
2021/11/5,Friday,Weekday,
2021/11/6,Saturday,Weekend,例假日
2021/11/7,Sunday,Weekend,例假日
2021/11/8,Monday,Weekday,
2021/11/9,Tuesday,Weekday,
2021/11/10,Wednesday,Weekday,
2021/11/11,Thursday,Weekday,
2021/11/12,Friday,Weekday,
2021/11/13,Saturday,Weekend,例假日
2021/11/14,Sunday,Weekend,例假日
2021/11/15,Monday,Weekday,
2021/11/16,Tuesday,Weekday,
2021/11/17,Wednesday,Weekday,
2021/11/18,Thursday,Weekday,
2021/11/19,Friday,Weekday,
2021/11/20,Saturday,Weekend,例假日
2021/11/21,Sunday,Weekend,例假日
2021/11/22,Monday,Weekday,
2021/11/23,Tuesday,Weekday,
2021/11/24,Wednesday,Weekday,
2021/11/25,Thursday,Weekday,
2021/11/26,Friday,Weekday,
2021/11/27,Saturday,Weekend,例假日
2021/11/28,Sunday,Weekend,例假日
2021/11/29,Monday,Weekday,
2021/11/30,Tuesday,Weekday,
2021/12/1,Wednesday,Weekday,
2021/12/2,Thursday,Weekday,
2021/12/3,Friday,Weekday,
2021/12/4,Saturday,Weekend,例假日
2021/12/5,Sunday,Weekend,例假日
2021/12/6,Monday,Weekday,
2021/12/7,Tuesday,Weekday,
2021/12/8,Wednesday,Weekday,
2021/12/9,Thursday,Weekday,
2021/12/10,Friday,Weekday,
2021/12/11,Saturday,Weekend,例假日
2021/12/12,Sunday,Weekend,例假日
2021/12/13,Monday,Weekday,
2021/12/14,Tuesday,Weekday,
2021/12/15,Wednesday,Weekday,
2021/12/16,Thursday,Weekday,
2021/12/17,Friday,Weekday,
2021/12/18,Saturday,Weekend,例假日
2021/12/19,Sunday,Weekend,例假日
2021/12/20,Monday,Weekday,
2021/12/21,Tuesday,Weekday,
2021/12/22,Wednesday,Weekday,
2021/12/23,Thursday,Weekday,
2021/12/24,Friday,Weekday,
2021/12/25,Saturday,Weekend,例假日
2021/12/26,Sunday,Weekend,例假日
2021/12/27,Monday,Weekday,
2021/12/28,Tuesday,Weekday,
2021/12/29,Wednesday,Weekday,
2021/12/30,Thursday,Weekday,
2021/12/31,Friday,Weekend,中華民國開國紀念日補假（2022年）
2022/1/1,Saturday,Weekend,例假日
2022/1/2,Sunday,Weekend,例假日
2022/1/3,Monday,Weekday,
2022/1/4,Tuesday,Weekday,
2022/1/5,Wednesday,Weekday,
2022/1/6,Thursday,Weekday,
2022/1/7,Friday,Weekday,
2022/1/8,Saturday,Weekend,例假日
2022/1/9,Sunday,Weekend,例假日
2022/1/10,Monday,Weekday,
2022/1/11,Tuesday,Weekday,
2022/1/12,Wednesday,Weekday,
2022/1/13,Thursday,Weekday,
2022/1/14,Friday,Weekday,
2022/1/15,Saturday,Weekend,例假日
2022/1/16,Sunday,Weekend,例假日
2022/1/17,Monday,Weekday,
2022/1/18,Tuesday,Weekday,
2022/1/19,Wednesday,Weekday,
2022/1/20,Thursday,Weekday,
2022/1/21,Friday,Weekday,
2022/1/22,Saturday,Weekday,補班
2022/1/23,Sunday,Weekend,例假日
2022/1/24,Monday,Weekday,
2022/1/25,Tuesday,Weekday,
2022/1/26,Wednesday,Weekday,
2022/1/27,Thursday,Weekday,
2022/1/28,Friday,Weekday,
2022/1/29,Saturday,Weekend,除夕及春節連假
2022/1/30,Sunday,Weekend,除夕及春節連假
2022/1/31,Monday,Weekend,除夕及春節連假
2022/2/1,Tuesday,Weekend,除夕及春節連假
2022/2/2,Wednesday,Weekend,除夕及春節連假
2022/2/3,Thursday,Weekend,除夕及春節連假
2022/2/4,Friday,Weekend,除夕及春節連假
2022/2/5,Saturday,Weekend,除夕及春節連假
2022/2/6,Sunday,Weekend,除夕及春節連假
2022/2/7,Monday,Weekday,
2022/2/8,Tuesday,Weekday,
2022/2/9,Wednesday,Weekday,
2022/2/10,Thursday,Weekday,
2022/2/11,Friday,Weekday,
2022/2/12,Saturday,Weekend,例假日
2022/2/13,Sunday,Weekend,例假日
2022/2/14,Monday,Weekday,
2022/2/15,Tuesday,Weekday,
2022/2/16,Wednesday,Weekday,
2022/2/17,Thursday,Weekday,
2022/2/18,Friday,Weekday,
2022/2/19,Saturday,Weekend,例假日
2022/2/20,Sunday,Weekend,例假日
2022/2/21,Monday,Weekday,
2022/2/22,Tuesday,Weekday,
2022/2/23,Wednesday,Weekday,
2022/2/24,Thursday,Weekday,
2022/2/25,Friday,Weekday,
2022/2/26,Saturday,Weekend,例假日
2022/2/27,Sunday,Weekend,例假日
2022/2/28,Monday,Weekend,和平紀念日
2022/3/1,Tuesday,Weekday,
2022/3/2,Wednesday,Weekday,
2022/3/3,Thursday,Weekday,
2022/3/4,Friday,Weekday,
2022/3/5,Saturday,Weekend,例假日
2022/3/6,Sunday,Weekend,例假日
2022/3/7,Monday,Weekday,
2022/3/8,Tuesday,Weekday,
2022/3/9,Wednesday,Weekday,
2022/3/10,Thursday,Weekday,
2022/3/11,Friday,Weekday,
2022/3/12,Saturday,Weekend,例假日
2022/3/13,Sunday,Weekend,例假日
2022/3/14,Monday,Weekday,
2022/3/15,Tuesday,Weekday,
2022/3/16,Wednesday,Weekday,
2022/3/17,Thursday,Weekday,
2022/3/18,Friday,Weekday,
2022/3/19,Saturday,Weekend,例假日
2022/3/20,Sunday,Weekend,例假日
2022/3/21,Monday,Weekday,
2022/3/22,Tuesday,Weekday,
2022/3/23,Wednesday,Weekday,
2022/3/24,Thursday,Weekday,
2022/3/25,Friday,Weekday,
2022/3/26,Saturday,Weekend,例假日
2022/3/27,Sunday,Weekend,例假日
2022/3/28,Monday,Weekday,
2022/3/29,Tuesday,Weekday,
2022/3/30,Wednesday,Weekday,
2022/3/31,Thursday,Weekday,
2022/4/1,Friday,Weekday,
2022/4/2,Saturday,Weekend,例假日
2022/4/3,Sunday,Weekend,例假日
2022/4/4,Monday,Weekend,兒童節
2022/4/5,Tuesday,Weekend,清明節
2022/4/6,Wednesday,Weekday,
2022/4/7,Thursday,Weekday,
2022/4/8,Friday,Weekday,
2022/4/9,Saturday,Weekend,例假日
2022/4/10,Sunday,Weekend,例假日
2022/4/11,Monday,Weekday,
2022/4/12,Tuesday,Weekday,
2022/4/13,Wednesday,Weekday,
2022/4/14,Thursday,Weekday,
2022/4/15,Friday,Weekday,
2022/4/16,Saturday,Weekend,例假日
2022/4/17,Sunday,Weekend,例假日
2022/4/18,Monday,Weekday,
2022/4/19,Tuesday,Weekday,
2022/4/20,Wednesday,Weekday,
2022/4/21,Thursday,Weekday,
2022/4/22,Friday,Weekday,
2022/4/23,Saturday,Weekend,例假日
2022/4/24,Sunday,Weekend,例假日
2022/4/25,Monday,Weekday,
2022/4/26,Tuesday,Weekday,
2022/4/27,Wednesday,Weekday,
2022/4/28,Thursday,Weekday,
2022/4/29,Friday,Weekday,
2022/4/30,Saturday,Weekend,例假日
2022/5/1,Sunday,Weekend,例假日
2022/5/2,Monday,Weekday,
2022/5/3,Tuesday,Weekday,
2022/5/4,Wednesday,Weekday,
2022/5/5,Thursday,Weekday,
2022/5/6,Friday,Weekday,
2022/5/7,Saturday,Weekend,例假日
2022/5/8,Sunday,Weekend,例假日
2022/5/9,Monday,Weekday,
2022/5/10,Tuesday,Weekday,
2022/5/11,Wednesday,Weekday,
2022/5/12,Thursday,Weekday,
2022/5/13,Friday,Weekday,
2022/5/14,Saturday,Weekend,例假日
2022/5/15,Sunday,Weekend,例假日
2022/5/16,Monday,Weekday,
2022/5/17,Tuesday,Weekday,
2022/5/18,Wednesday,Weekday,
2022/5/19,Thursday,Weekday,
2022/5/20,Friday,Weekday,
2022/5/21,Saturday,Weekend,例假日
2022/5/22,Sunday,Weekend,例假日
2022/5/23,Monday,Weekday,
2022/5/24,Tuesday,Weekday,
2022/5/25,Wednesday,Weekday,
2022/5/26,Thursday,Weekday,
2022/5/27,Friday,Weekday,
2022/5/28,Saturday,Weekend,例假日
2022/5/29,Sunday,Weekend,例假日
2022/5/30,Monday,Weekday,
2022/5/31,Tuesday,Weekday,
2022/6/1,Wednesday,Weekday,
2022/6/2,Thursday,Weekday,
2022/6/3,Friday,Weekend,端午節
2022/6/4,Saturday,Weekend,例假日
2022/6/5,Sunday,Weekend,例假日
2022/6/6,Monday,Weekday,
2022/6/7,Tuesday,Weekday,
2022/6/8,Wednesday,Weekday,
2022/6/9,Thursday,Weekday,
2022/6/10,Friday,Weekday,
2022/6/11,Saturday,Weekend,例假日
2022/6/12,Sunday,Weekend,例假日
2022/6/13,Monday,Weekday,
2022/6/14,Tuesday,Weekday,
2022/6/15,Wednesday,Weekday,
2022/6/16,Thursday,Weekday,
2022/6/17,Friday,Weekday,
2022/6/18,Saturday,Weekend,例假日
2022/6/19,Sunday,Weekend,例假日
2022/6/20,Monday,Weekday,
2022/6/21,Tuesday,Weekday,
2022/6/22,Wednesday,Weekday,
2022/6/23,Thursday,Weekday,
2022/6/24,Friday,Weekday,
2022/6/25,Saturday,Weekend,例假日
2022/6/26,Sunday,Weekend,例假日
2022/6/27,Monday,Weekday,
2022/6/28,Tuesday,Weekday,
2022/6/29,Wednesday,Weekday,
2022/6/30,Thursday,Weekday,
2022/7/1,Friday,Weekday,
2022/7/2,Saturday,Weekend,例假日
2022/7/3,Sunday,Weekend,例假日
2022/7/4,Monday,Weekday,
2022/7/5,Tuesday,Weekday,
2022/7/6,Wednesday,Weekday,
2022/7/7,Thursday,Weekday,
2022/7/8,Friday,Weekday,
2022/7/9,Saturday,Weekend,例假日
2022/7/10,Sunday,Weekend,例假日
2022/7/11,Monday,Weekday,
2022/7/12,Tuesday,Weekday,
2022/7/13,Wednesday,Weekday,
2022/7/14,Thursday,Weekday,
2022/7/15,Friday,Weekday,
2022/7/16,Saturday,Weekend,例假日
2022/7/17,Sunday,Weekend,例假日
2022/7/18,Monday,Weekday,
2022/7/19,Tuesday,Weekday,
2022/7/20,Wednesday,Weekday,
2022/7/21,Thursday,Weekday,
2022/7/22,Friday,Weekday,
2022/7/23,Saturday,Weekend,例假日
2022/7/24,Sunday,Weekend,例假日
2022/7/25,Monday,Weekday,
2022/7/26,Tuesday,Weekday,
2022/7/27,Wednesday,Weekday,
2022/7/28,Thursday,Weekday,
2022/7/29,Friday,Weekday,
2022/7/30,Saturday,Weekend,例假日
2022/7/31,Sunday,Weekend,例假日
2022/8/1,Monday,Weekday,
2022/8/2,Tuesday,Weekday,
2022/8/3,Wednesday,Weekday,
2022/8/4,Thursday,Weekday,
2022/8/5,Friday,Weekday,
2022/8/6,Saturday,Weekend,例假日
2022/8/7,Sunday,Weekend,例假日
2022/8/8,Monday,Weekday,
2022/8/9,Tuesday,Weekday,
2022/8/10,Wednesday,Weekday,
2022/8/11,Thursday,Weekday,
2022/8/12,Friday,Weekday,
2022/8/13,Saturday,Weekend,例假日
2022/8/14,Sunday,Weekend,例假日
2022/8/15,Monday,Weekday,
2022/8/16,Tuesday,Weekday,
2022/8/17,Wednesday,Weekday,
2022/8/18,Thursday,Weekday,
2022/8/19,Friday,Weekday,
2022/8/20,Saturday,Weekend,例假日
2022/8/21,Sunday,Weekend,例假日
2022/8/22,Monday,Weekday,
2022/8/23,Tuesday,Weekday,
2022/8/24,Wednesday,Weekday,
2022/8/25,Thursday,Weekday,
2022/8/26,Friday,Weekday,
2022/8/27,Saturday,Weekend,例假日
2022/8/28,Sunday,Weekend,例假日
2022/8/29,Monday,Weekday,
2022/8/30,Tuesday,Weekday,
2022/8/31,Wednesday,Weekday,
2022/9/1,Thursday,Weekday,
2022/9/2,Friday,Weekday,
2022/9/3,Saturday,Weekend,例假日
2022/9/4,Sunday,Weekend,例假日
2022/9/5,Monday,Weekday,
2022/9/6,Tuesday,Weekday,
2022/9/7,Wednesday,Weekday,
2022/9/8,Thursday,Weekday,
2022/9/9,Friday,Weekend,中秋節補假
2022/9/10,Saturday,Weekend,中秋節
2022/9/11,Sunday,Weekend,例假日
2022/9/12,Monday,Weekday,
2022/9/13,Tuesday,Weekday,
2022/9/14,Wednesday,Weekday,
2022/9/15,Thursday,Weekday,
2022/9/16,Friday,Weekday,
2022/9/17,Saturday,Weekend,例假日
2022/9/18,Sunday,Weekend,例假日
2022/9/19,Monday,Weekday,
2022/9/20,Tuesday,Weekday,
2022/9/21,Wednesday,Weekday,
2022/9/22,Thursday,Weekday,
2022/9/23,Friday,Weekday,
2022/9/24,Saturday,Weekend,例假日
2022/9/25,Sunday,Weekend,例假日
2022/9/26,Monday,Weekday,
2022/9/27,Tuesday,Weekday,
2022/9/28,Wednesday,Weekday,
2022/9/29,Thursday,Weekday,
2022/9/30,Friday,Weekday,
2022/10/1,Saturday,Weekend,例假日
2022/10/2,Sunday,Weekend,例假日
2022/10/3,Monday,Weekday,
2022/10/4,Tuesday,Weekday,
2022/10/5,Wednesday,Weekday,
2022/10/6,Thursday,Weekday,
2022/10/7,Friday,Weekday,
2022/10/8,Saturday,Weekend,例假日
2022/10/9,Sunday,Weekend,例假日
2022/10/10,Monday,Weekend,國慶日
2022/10/11,Tuesday,Weekday,
2022/10/12,Wednesday,Weekday,
2022/10/13,Thursday,Weekday,
2022/10/14,Friday,Weekday,
2022/10/15,Saturday,Weekend,例假日
2022/10/16,Sunday,Weekend,例假日
2022/10/17,Monday,Weekday,
2022/10/18,Tuesday,Weekday,
2022/10/19,Wednesday,Weekday,
2022/10/20,Thursday,Weekday,
2022/10/21,Friday,Weekday,
2022/10/22,Saturday,Weekend,例假日
2022/10/23,Sunday,Weekend,例假日
2022/10/24,Monday,Weekday,
2022/10/25,Tuesday,Weekday,
2022/10/26,Wednesday,Weekday,
2022/10/27,Thursday,Weekday,
2022/10/28,Friday,Weekday,
2022/10/29,Saturday,Weekend,例假日
2022/10/30,Sunday,Weekend,例假日
2022/10/31,Monday,Weekday,
2022/11/1,Tuesday,Weekday,
2022/11/2,Wednesday,Weekday,
2022/11/3,Thursday,Weekday,
2022/11/4,Friday,Weekday,
2022/11/5,Saturday,Weekend,例假日
2022/11/6,Sunday,Weekend,例假日
2022/11/7,Monday,Weekday,
2022/11/8,Tuesday,Weekday,
2022/11/9,Wednesday,Weekday,
2022/11/10,Thursday,Weekday,
2022/11/11,Friday,Weekday,
2022/11/12,Saturday,Weekend,例假日
2022/11/13,Sunday,Weekend,例假日
2022/11/14,Monday,Weekday,
2022/11/15,Tuesday,Weekday,
2022/11/16,Wednesday,Weekday,
2022/11/17,Thursday,Weekday,
2022/11/18,Friday,Weekday,
2022/11/19,Saturday,Weekend,例假日
2022/11/20,Sunday,Weekend,例假日
2022/11/21,Monday,Weekday,
2022/11/22,Tuesday,Weekday,
2022/11/23,Wednesday,Weekday,
2022/11/24,Thursday,Weekday,
2022/11/25,Friday,Weekday,
2022/11/26,Saturday,Weekend,例假日
2022/11/27,Sunday,Weekend,例假日
2022/11/28,Monday,Weekday,
2022/11/29,Tuesday,Weekday,
2022/11/30,Wednesday,Weekday,
2022/12/1,Thursday,Weekday,
2022/12/2,Friday,Weekday,
2022/12/3,Saturday,Weekend,例假日
2022/12/4,Sunday,Weekend,例假日
2022/12/5,Monday,Weekday,
2022/12/6,Tuesday,Weekday,
2022/12/7,Wednesday,Weekday,
2022/12/8,Thursday,Weekday,
2022/12/9,Friday,Weekday,
2022/12/10,Saturday,Weekend,例假日
2022/12/11,Sunday,Weekend,例假日
2022/12/12,Monday,Weekday,
2022/12/13,Tuesday,Weekday,
2022/12/14,Wednesday,Weekday,
2022/12/15,Thursday,Weekday,
2022/12/16,Friday,Weekday,
2022/12/17,Saturday,Weekend,例假日
2022/12/18,Sunday,Weekend,例假日
2022/12/19,Monday,Weekday,
2022/12/20,Tuesday,Weekday,
2022/12/21,Wednesday,Weekday,
2022/12/22,Thursday,Weekday,
2022/12/23,Friday,Weekday,
2022/12/24,Saturday,Weekend,例假日
2022/12/25,Sunday,Weekend,例假日
2022/12/26,Monday,Weekday,
2022/12/27,Tuesday,Weekday,
2022/12/28,Wednesday,Weekday,
2022/12/29,Thursday,Weekday,
2022/12/30,Friday,Weekday,
2022/12/31,Saturday,Weekend,例假日
2023/1/1,Sunday,Weekend,中華民國開國紀念日
2023/1/2,Monday,Weekend,中華民國開國紀念日補假
2023/1/3,Tuesday,Weekday,
2023/1/4,Wednesday,Weekday,
2023/1/5,Thursday,Weekday,
2023/1/6,Friday,Weekday,
2023/1/7,Saturday,Weekday,補班
2023/1/8,Sunday,Weekend,例假日
2023/1/9,Monday,Weekday,
2023/1/10,Tuesday,Weekday,
2023/1/11,Wednesday,Weekday,
2023/1/12,Thursday,Weekday,
2023/1/13,Friday,Weekday,
2023/1/14,Saturday,Weekend,例假日
2023/1/15,Sunday,Weekend,例假日
2023/1/16,Monday,Weekday,
2023/1/17,Tuesday,Weekday,
2023/1/18,Wednesday,Weekday,
2023/1/19,Thursday,Weekday,
2023/1/20,Friday,Weekend,除夕及春節連假
2023/1/21,Saturday,Weekend,除夕及春節連假
2023/1/22,Sunday,Weekend,除夕及春節連假
2023/1/23,Monday,Weekend,除夕及春節連假
2023/1/24,Tuesday,Weekend,除夕及春節連假
2023/1/25,Wednesday,Weekend,除夕及春節連假
2023/1/26,Thursday,Weekend,除夕及春節連假
2023/1/27,Friday,Weekend,除夕及春節連假
2023/1/28,Saturday,Weekend,除夕及春節連假
2023/1/29,Sunday,Weekend,除夕及春節連假
2023/1/30,Monday,Weekday,
2023/1/31,Tuesday,Weekday,
2023/2/1,Wednesday,Weekday,
2023/2/2,Thursday,Weekday,
2023/2/3,Friday,Weekday,
2023/2/4,Saturday,Weekday,補班
2023/2/5,Sunday,Weekend,例假日
2023/2/6,Monday,Weekday,
2023/2/7,Tuesday,Weekday,
2023/2/8,Wednesday,Weekday,
2023/2/9,Thursday,Weekday,
2023/2/10,Friday,Weekday,
2023/2/11,Saturday,Weekend,例假日
2023/2/12,Sunday,Weekend,例假日
2023/2/13,Monday,Weekday,
2023/2/14,Tuesday,Weekday,
2023/2/15,Wednesday,Weekday,
2023/2/16,Thursday,Weekday,
2023/2/17,Friday,Weekday,
2023/2/18,Saturday,Weekday,補班
2023/2/19,Sunday,Weekend,例假日
2023/2/20,Monday,Weekday,
2023/2/21,Tuesday,Weekday,
2023/2/22,Wednesday,Weekday,
2023/2/23,Thursday,Weekday,
2023/2/24,Friday,Weekday,
2023/2/25,Saturday,Weekend,例假日
2023/2/26,Sunday,Weekend,例假日
2023/2/27,Monday,Weekend,和平紀念日調整放假
2023/2/28,Tuesday,Weekend,和平紀念日
2023/3/1,Wednesday,Weekday,
2023/3/2,Thursday,Weekday,
2023/3/3,Friday,Weekday,
2023/3/4,Saturday,Weekend,例假日
2023/3/5,Sunday,Weekend,例假日
2023/3/6,Monday,Weekday,
2023/3/7,Tuesday,Weekday,
2023/3/8,Wednesday,Weekday,
2023/3/9,Thursday,Weekday,
2023/3/10,Friday,Weekday,
2023/3/11,Saturday,Weekend,例假日
2023/3/12,Sunday,Weekend,例假日
2023/3/13,Monday,Weekday,
2023/3/14,Tuesday,Weekday,
2023/3/15,Wednesday,Weekday,
2023/3/16,Thursday,Weekday,
2023/3/17,Friday,Weekday,
2023/3/18,Saturday,Weekend,例假日
2023/3/19,Sunday,Weekend,例假日
2023/3/20,Monday,Weekday,
2023/3/21,Tuesday,Weekday,
2023/3/22,Wednesday,Weekday,
2023/3/23,Thursday,Weekday,
2023/3/24,Friday,Weekday,
2023/3/25,Saturday,Weekday,補班
2023/3/26,Sunday,Weekend,例假日
2023/3/27,Monday,Weekday,
2023/3/28,Tuesday,Weekday,
2023/3/29,Wednesday,Weekday,
2023/3/30,Thursday,Weekday,
2023/3/31,Friday,Weekday,
2023/4/1,Saturday,Weekend,例假日
2023/4/2,Sunday,Weekend,例假日
2023/4/3,Monday,Weekend,兒童節及清明節調整放假
2023/4/4,Tuesday,Weekend,兒童節
2023/4/5,Wednesday,Weekend,清明節
2023/4/6,Thursday,Weekday,
2023/4/7,Friday,Weekday,
2023/4/8,Saturday,Weekend,例假日
2023/4/9,Sunday,Weekend,例假日
2023/4/10,Monday,Weekday,
2023/4/11,Tuesday,Weekday,
2023/4/12,Wednesday,Weekday,
2023/4/13,Thursday,Weekday,
2023/4/14,Friday,Weekday,
2023/4/15,Saturday,Weekend,例假日
2023/4/16,Sunday,Weekend,例假日
2023/4/17,Monday,Weekday,
2023/4/18,Tuesday,Weekday,
2023/4/19,Wednesday,Weekday,
2023/4/20,Thursday,Weekday,
2023/4/21,Friday,Weekday,
2023/4/22,Saturday,Weekend,例假日
2023/4/23,Sunday,Weekend,例假日
2023/4/24,Monday,Weekday,
2023/4/25,Tuesday,Weekday,
2023/4/26,Wednesday,Weekday,
2023/4/27,Thursday,Weekday,
2023/4/28,Friday,Weekday,
2023/4/29,Saturday,Weekend,例假日
2023/4/30,Sunday,Weekend,例假日
2023/5/1,Monday,Weekday,
2023/5/2,Tuesday,Weekday,
2023/5/3,Wednesday,Weekday,
2023/5/4,Thursday,Weekday,
2023/5/5,Friday,Weekday,
2023/5/6,Saturday,Weekend,例假日
2023/5/7,Sunday,Weekend,例假日
2023/5/8,Monday,Weekday,
2023/5/9,Tuesday,Weekday,
2023/5/10,Wednesday,Weekday,
2023/5/11,Thursday,Weekday,
2023/5/12,Friday,Weekday,
2023/5/13,Saturday,Weekend,例假日
2023/5/14,Sunday,Weekend,例假日
2023/5/15,Monday,Weekday,
2023/5/16,Tuesday,Weekday,
2023/5/17,Wednesday,Weekday,
2023/5/18,Thursday,Weekday,
2023/5/19,Friday,Weekday,
2023/5/20,Saturday,Weekend,例假日
2023/5/21,Sunday,Weekend,例假日
2023/5/22,Monday,Weekday,
2023/5/23,Tuesday,Weekday,
2023/5/24,Wednesday,Weekday,
2023/5/25,Thursday,Weekday,
2023/5/26,Friday,Weekday,
2023/5/27,Saturday,Weekend,例假日
2023/5/28,Sunday,Weekend,例假日
2023/5/29,Monday,Weekday,
2023/5/30,Tuesday,Weekday,
2023/5/31,Wednesday,Weekday,
2023/6/1,Thursday,Weekday,
2023/6/2,Friday,Weekday,
2023/6/3,Saturday,Weekend,例假日
2023/6/4,Sunday,Weekend,例假日
2023/6/5,Monday,Weekday,
2023/6/6,Tuesday,Weekday,
2023/6/7,Wednesday,Weekday,
2023/6/8,Thursday,Weekday,
2023/6/9,Friday,Weekday,
2023/6/10,Saturday,Weekend,例假日
2023/6/11,Sunday,Weekend,例假日
2023/6/12,Monday,Weekday,
2023/6/13,Tuesday,Weekday,
2023/6/14,Wednesday,Weekday,
2023/6/15,Thursday,Weekday,
2023/6/16,Friday,Weekday,
2023/6/17,Saturday,Weekday,補班
2023/6/18,Sunday,Weekend,例假日
2023/6/19,Monday,Weekday,
2023/6/20,Tuesday,Weekday,
2023/6/21,Wednesday,Weekday,
2023/6/22,Thursday,Weekend,端午節
2023/6/23,Friday,Weekend,端午節調整放假
2023/6/24,Saturday,Weekend,例假日
2023/6/25,Sunday,Weekend,例假日
2023/6/26,Monday,Weekday,
2023/6/27,Tuesday,Weekday,
2023/6/28,Wednesday,Weekday,
2023/6/29,Thursday,Weekday,
2023/6/30,Friday,Weekday,
2023/7/1,Saturday,Weekend,例假日
2023/7/2,Sunday,Weekend,例假日
2023/7/3,Monday,Weekday,
2023/7/4,Tuesday,Weekday,
2023/7/5,Wednesday,Weekday,
2023/7/6,Thursday,Weekday,
2023/7/7,Friday,Weekday,
2023/7/8,Saturday,Weekend,例假日
2023/7/9,Sunday,Weekend,例假日
2023/7/10,Monday,Weekday,
2023/7/11,Tuesday,Weekday,
2023/7/12,Wednesday,Weekday,
2023/7/13,Thursday,Weekday,
2023/7/14,Friday,Weekday,
2023/7/15,Saturday,Weekend,例假日
2023/7/16,Sunday,Weekend,例假日
2023/7/17,Monday,Weekday,
2023/7/18,Tuesday,Weekday,
2023/7/19,Wednesday,Weekday,
2023/7/20,Thursday,Weekday,
2023/7/21,Friday,Weekday,
2023/7/22,Saturday,Weekend,例假日
2023/7/23,Sunday,Weekend,例假日
2023/7/24,Monday,Weekday,
2023/7/25,Tuesday,Weekday,
2023/7/26,Wednesday,Weekday,
2023/7/27,Thursday,Weekday,
2023/7/28,Friday,Weekday,
2023/7/29,Saturday,Weekend,例假日
2023/7/30,Sunday,Weekend,例假日
2023/7/31,Monday,Weekday,
2023/8/1,Tuesday,Weekday,
2023/8/2,Wednesday,Weekday,
2023/8/3,Thursday,Weekday,
2023/8/4,Friday,Weekday,
2023/8/5,Saturday,Weekend,例假日
2023/8/6,Sunday,Weekend,例假日
2023/8/7,Monday,Weekday,
2023/8/8,Tuesday,Weekday,
2023/8/9,Wednesday,Weekday,
2023/8/10,Thursday,Weekday,
2023/8/11,Friday,Weekday,
2023/8/12,Saturday,Weekend,例假日
2023/8/13,Sunday,Weekend,例假日
2023/8/14,Monday,Weekday,
2023/8/15,Tuesday,Weekday,
2023/8/16,Wednesday,Weekday,
2023/8/17,Thursday,Weekday,
2023/8/18,Friday,Weekday,
2023/8/19,Saturday,Weekend,例假日
2023/8/20,Sunday,Weekend,例假日
2023/8/21,Monday,Weekday,
2023/8/22,Tuesday,Weekday,
2023/8/23,Wednesday,Weekday,
2023/8/24,Thursday,Weekday,
2023/8/25,Friday,Weekday,
2023/8/26,Saturday,Weekend,例假日
2023/8/27,Sunday,Weekend,例假日
2023/8/28,Monday,Weekday,
2023/8/29,Tuesday,Weekday,
2023/8/30,Wednesday,Weekday,
2023/8/31,Thursday,Weekday,
2023/9/1,Friday,Weekday,
2023/9/2,Saturday,Weekend,例假日
2023/9/3,Sunday,Weekend,例假日
2023/9/4,Monday,Weekday,
2023/9/5,Tuesday,Weekday,
2023/9/6,Wednesday,Weekday,
2023/9/7,Thursday,Weekday,
2023/9/8,Friday,Weekday,
2023/9/9,Saturday,Weekend,例假日
2023/9/10,Sunday,Weekend,例假日
2023/9/11,Monday,Weekday,
2023/9/12,Tuesday,Weekday,
2023/9/13,Wednesday,Weekday,
2023/9/14,Thursday,Weekday,
2023/9/15,Friday,Weekday,
2023/9/16,Saturday,Weekend,例假日
2023/9/17,Sunday,Weekend,例假日
2023/9/18,Monday,Weekday,
2023/9/19,Tuesday,Weekday,
2023/9/20,Wednesday,Weekday,
2023/9/21,Thursday,Weekday,
2023/9/22,Friday,Weekday,
2023/9/23,Saturday,Weekday,補班
2023/9/24,Sunday,Weekend,例假日
2023/9/25,Monday,Weekday,
2023/9/26,Tuesday,Weekday,
2023/9/27,Wednesday,Weekday,
2023/9/28,Thursday,Weekday,
2023/9/29,Friday,Weekend,中秋節
2023/9/30,Saturday,Weekend,例假日
2023/10/1,Sunday,Weekend,例假日
2023/10/2,Monday,Weekday,
2023/10/3,Tuesday,Weekday,
2023/10/4,Wednesday,Weekday,
2023/10/5,Thursday,Weekday,
2023/10/6,Friday,Weekday,
2023/10/7,Saturday,Weekend,例假日
2023/10/8,Sunday,Weekend,例假日
2023/10/9,Monday,Weekend,國慶日調整放假
2023/10/10,Tuesday,Weekend,國慶日
2023/10/11,Wednesday,Weekday,
2023/10/12,Thursday,Weekday,
2023/10/13,Friday,Weekday,
2023/10/14,Saturday,Weekend,例假日
2023/10/15,Sunday,Weekend,例假日
2023/10/16,Monday,Weekday,
2023/10/17,Tuesday,Weekday,
2023/10/18,Wednesday,Weekday,
2023/10/19,Thursday,Weekday,
2023/10/20,Friday,Weekday,
2023/10/21,Saturday,Weekend,例假日
2023/10/22,Sunday,Weekend,例假日
2023/10/23,Monday,Weekday,
2023/10/24,Tuesday,Weekday,
2023/10/25,Wednesday,Weekday,
2023/10/26,Thursday,Weekday,
2023/10/27,Friday,Weekday,
2023/10/28,Saturday,Weekend,例假日
2023/10/29,Sunday,Weekend,例假日
2023/10/30,Monday,Weekday,
2023/10/31,Tuesday,Weekday,
2023/11/1,Wednesday,Weekday,
2023/11/2,Thursday,Weekday,
2023/11/3,Friday,Weekday,
2023/11/4,Saturday,Weekend,例假日
2023/11/5,Sunday,Weekend,例假日
2023/11/6,Monday,Weekday,
2023/11/7,Tuesday,Weekday,
2023/11/8,Wednesday,Weekday,
2023/11/9,Thursday,Weekday,
2023/11/10,Friday,Weekday,
2023/11/11,Saturday,Weekend,例假日
2023/11/12,Sunday,Weekend,例假日
2023/11/13,Monday,Weekday,
2023/11/14,Tuesday,Weekday,
2023/11/15,Wednesday,Weekday,
2023/11/16,Thursday,Weekday,
2023/11/17,Friday,Weekday,
2023/11/18,Saturday,Weekend,例假日
2023/11/19,Sunday,Weekend,例假日
2023/11/20,Monday,Weekday,
2023/11/21,Tuesday,Weekday,
2023/11/22,Wednesday,Weekday,
2023/11/23,Thursday,Weekday,
2023/11/24,Friday,Weekday,
2023/11/25,Saturday,Weekend,例假日
2023/11/26,Sunday,Weekend,例假日
2023/11/27,Monday,Weekday,
2023/11/28,Tuesday,Weekday,
2023/11/29,Wednesday,Weekday,
2023/11/30,Thursday,Weekday,
2023/12/1,Friday,Weekday,
2023/12/2,Saturday,Weekend,例假日
2023/12/3,Sunday,Weekend,例假日
2023/12/4,Monday,Weekday,
2023/12/5,Tuesday,Weekday,
2023/12/6,Wednesday,Weekday,
2023/12/7,Thursday,Weekday,
2023/12/8,Friday,Weekday,
2023/12/9,Saturday,Weekend,例假日
2023/12/10,Sunday,Weekend,例假日
2023/12/11,Monday,Weekday,
2023/12/12,Tuesday,Weekday,
2023/12/13,Wednesday,Weekday,
2023/12/14,Thursday,Weekday,
2023/12/15,Friday,Weekday,
2023/12/16,Saturday,Weekend,例假日
2023/12/17,Sunday,Weekend,例假日
2023/12/18,Monday,Weekday,
2023/12/19,Tuesday,Weekday,
2023/12/20,Wednesday,Weekday,
2023/12/21,Thursday,Weekday,
2023/12/22,Friday,Weekday,
2023/12/23,Saturday,Weekend,例假日
2023/12/24,Sunday,Weekend,例假日
2023/12/25,Monday,Weekday,
2023/12/26,Tuesday,Weekday,
2023/12/27,Wednesday,Weekday,
2023/12/28,Thursday,Weekday,
2023/12/29,Friday,Weekday,
2023/12/30,Saturday,Weekend,例假日
2023/12/31,Sunday,Weekend,例假日
2024/1/1,Monday,Weekend,中華民國開國紀念日
2024/1/2,Tuesday,Weekday,
2024/1/3,Wednesday,Weekday,
2024/1/4,Thursday,Weekday,
2024/1/5,Friday,Weekday,
2024/1/6,Saturday,Weekend,例假日
2024/1/7,Sunday,Weekend,例假日
2024/1/8,Monday,Weekday,
2024/1/9,Tuesday,Weekday,
2024/1/10,Wednesday,Weekday,
2024/1/11,Thursday,Weekday,
2024/1/12,Friday,Weekday,
2024/1/13,Saturday,Weekend,例假日
2024/1/14,Sunday,Weekend,例假日
2024/1/15,Monday,Weekday,
2024/1/16,Tuesday,Weekday,
2024/1/17,Wednesday,Weekday,
2024/1/18,Thursday,Weekday,
2024/1/19,Friday,Weekday,
2024/1/20,Saturday,Weekend,例假日
2024/1/21,Sunday,Weekend,例假日
2024/1/22,Monday,Weekday,
2024/1/23,Tuesday,Weekday,
2024/1/24,Wednesday,Weekday,
2024/1/25,Thursday,Weekday,
2024/1/26,Friday,Weekday,
2024/1/27,Saturday,Weekend,例假日
2024/1/28,Sunday,Weekend,例假日
2024/1/29,Monday,Weekday,
2024/1/30,Tuesday,Weekday,
2024/1/31,Wednesday,Weekday,
2024/2/1,Thursday,Weekday,
2024/2/2,Friday,Weekday,
2024/2/3,Saturday,Weekend,例假日
2024/2/4,Sunday,Weekend,例假日
2024/2/5,Monday,Weekday,
2024/2/6,Tuesday,Weekday,
2024/2/7,Wednesday,Weekday,
2024/2/8,Thursday,Weekend,除夕及春節連假
2024/2/9,Friday,Weekend,除夕及春節連假
2024/2/10,Saturday,Weekend,除夕及春節連假
2024/2/11,Sunday,Weekend,除夕及春節連假
2024/2/12,Monday,Weekend,除夕及春節連假
2024/2/13,Tuesday,Weekend,除夕及春節連假
2024/2/14,Wednesday,Weekend,除夕及春節連假
2024/2/15,Thursday,Weekday,
2024/2/16,Friday,Weekday,
2024/2/17,Saturday,Weekday,補班
2024/2/18,Sunday,Weekend,例假日
2024/2/19,Monday,Weekday,
2024/2/20,Tuesday,Weekday,
2024/2/21,Wednesday,Weekday,
2024/2/22,Thursday,Weekday,
2024/2/23,Friday,Weekday,
2024/2/24,Saturday,Weekend,例假日
2024/2/25,Sunday,Weekend,例假日
2024/2/26,Monday,Weekday,
2024/2/27,Tuesday,Weekday,
2024/2/28,Wednesday,Weekend,和平紀念日
2024/2/29,Thursday,Weekday,
2024/3/1,Friday,Weekday,
2024/3/2,Saturday,Weekend,例假日
2024/3/3,Sunday,Weekend,例假日
2024/3/4,Monday,Weekday,
2024/3/5,Tuesday,Weekday,
2024/3/6,Wednesday,Weekday,
2024/3/7,Thursday,Weekday,
2024/3/8,Friday,Weekday,
2024/3/9,Saturday,Weekend,例假日
2024/3/10,Sunday,Weekend,例假日
2024/3/11,Monday,Weekday,
2024/3/12,Tuesday,Weekday,
2024/3/13,Wednesday,Weekday,
2024/3/14,Thursday,Weekday,
2024/3/15,Friday,Weekday,
2024/3/16,Saturday,Weekend,例假日
2024/3/17,Sunday,Weekend,例假日
2024/3/18,Monday,Weekday,
2024/3/19,Tuesday,Weekday,
2024/3/20,Wednesday,Weekday,
2024/3/21,Thursday,Weekday,
2024/3/22,Friday,Weekday,
2024/3/23,Saturday,Weekend,例假日
2024/3/24,Sunday,Weekend,例假日
2024/3/25,Monday,Weekday,
2024/3/26,Tuesday,Weekday,
2024/3/27,Wednesday,Weekday,
2024/3/28,Thursday,Weekday,
2024/3/29,Friday,Weekday,
2024/3/30,Saturday,Weekend,例假日
2024/3/31,Sunday,Weekend,例假日
2024/4/1,Monday,Weekday,
2024/4/2,Tuesday,Weekday,
2024/4/3,Wednesday,Weekday,
2024/4/4,Thursday,Weekend,兒童節、清明節
2024/4/5,Friday,Weekend,兒童節及清明節補假
2024/4/6,Saturday,Weekend,例假日
2024/4/7,Sunday,Weekend,例假日
2024/4/8,Monday,Weekday,
2024/4/9,Tuesday,Weekday,
2024/4/10,Wednesday,Weekday,
2024/4/11,Thursday,Weekday,
2024/4/12,Friday,Weekday,
2024/4/13,Saturday,Weekend,例假日
2024/4/14,Sunday,Weekend,例假日
2024/4/15,Monday,Weekday,
2024/4/16,Tuesday,Weekday,
2024/4/17,Wednesday,Weekday,
2024/4/18,Thursday,Weekday,
2024/4/19,Friday,Weekday,
2024/4/20,Saturday,Weekend,例假日
2024/4/21,Sunday,Weekend,例假日
2024/4/22,Monday,Weekday,
2024/4/23,Tuesday,Weekday,
2024/4/24,Wednesday,Weekday,
2024/4/25,Thursday,Weekday,
2024/4/26,Friday,Weekday,
2024/4/27,Saturday,Weekend,例假日
2024/4/28,Sunday,Weekend,例假日
2024/4/29,Monday,Weekday,
2024/4/30,Tuesday,Weekday,
2024/5/1,Wednesday,Weekday,
2024/5/2,Thursday,Weekday,
2024/5/3,Friday,Weekday,
2024/5/4,Saturday,Weekend,例假日
2024/5/5,Sunday,Weekend,例假日
2024/5/6,Monday,Weekday,
2024/5/7,Tuesday,Weekday,
2024/5/8,Wednesday,Weekday,
2024/5/9,Thursday,Weekday,
2024/5/10,Friday,Weekday,
2024/5/11,Saturday,Weekend,例假日
2024/5/12,Sunday,Weekend,例假日
2024/5/13,Monday,Weekday,
2024/5/14,Tuesday,Weekday,
2024/5/15,Wednesday,Weekday,
2024/5/16,Thursday,Weekday,
2024/5/17,Friday,Weekday,
2024/5/18,Saturday,Weekend,例假日
2024/5/19,Sunday,Weekend,例假日
2024/5/20,Monday,Weekday,
2024/5/21,Tuesday,Weekday,
2024/5/22,Wednesday,Weekday,
2024/5/23,Thursday,Weekday,
2024/5/24,Friday,Weekday,
2024/5/25,Saturday,Weekend,例假日
2024/5/26,Sunday,Weekend,例假日
2024/5/27,Monday,Weekday,
2024/5/28,Tuesday,Weekday,
2024/5/29,Wednesday,Weekday,
2024/5/30,Thursday,Weekday,
2024/5/31,Friday,Weekday,
2024/6/1,Saturday,Weekend,例假日
2024/6/2,Sunday,Weekend,例假日
2024/6/3,Monday,Weekday,
2024/6/4,Tuesday,Weekday,
2024/6/5,Wednesday,Weekday,
2024/6/6,Thursday,Weekday,
2024/6/7,Friday,Weekday,
2024/6/8,Saturday,Weekend,例假日
2024/6/9,Sunday,Weekend,例假日
2024/6/10,Monday,Weekend,端午節
2024/6/11,Tuesday,Weekday,
2024/6/12,Wednesday,Weekday,
2024/6/13,Thursday,Weekday,
2024/6/14,Friday,Weekday,
2024/6/15,Saturday,Weekend,例假日
2024/6/16,Sunday,Weekend,例假日
2024/6/17,Monday,Weekday,
2024/6/18,Tuesday,Weekday,
2024/6/19,Wednesday,Weekday,
2024/6/20,Thursday,Weekday,
2024/6/21,Friday,Weekday,
2024/6/22,Saturday,Weekend,例假日
2024/6/23,Sunday,Weekend,例假日
2024/6/24,Monday,Weekday,
2024/6/25,Tuesday,Weekday,
2024/6/26,Wednesday,Weekday,
2024/6/27,Thursday,Weekday,
2024/6/28,Friday,Weekday,
2024/6/29,Saturday,Weekend,例假日
2024/6/30,Sunday,Weekend,例假日
2024/7/1,Monday,Weekday,
2024/7/2,Tuesday,Weekday,
2024/7/3,Wednesday,Weekday,
2024/7/4,Thursday,Weekday,
2024/7/5,Friday,Weekday,
2024/7/6,Saturday,Weekend,例假日
2024/7/7,Sunday,Weekend,例假日
2024/7/8,Monday,Weekday,
2024/7/9,Tuesday,Weekday,
2024/7/10,Wednesday,Weekday,
2024/7/11,Thursday,Weekday,
2024/7/12,Friday,Weekday,
2024/7/13,Saturday,Weekend,例假日
2024/7/14,Sunday,Weekend,例假日
2024/7/15,Monday,Weekday,
2024/7/16,Tuesday,Weekday,
2024/7/17,Wednesday,Weekday,
2024/7/18,Thursday,Weekday,
2024/7/19,Friday,Weekday,
2024/7/20,Saturday,Weekend,例假日
2024/7/21,Sunday,Weekend,例假日
2024/7/22,Monday,Weekday,
2024/7/23,Tuesday,Weekday,
2024/7/24,Wednesday,Weekday,
2024/7/25,Thursday,Weekday,
2024/7/26,Friday,Weekday,
2024/7/27,Saturday,Weekend,例假日
2024/7/28,Sunday,Weekend,例假日
2024/7/29,Monday,Weekday,
2024/7/30,Tuesday,Weekday,
2024/7/31,Wednesday,Weekday,
2024/8/1,Thursday,Weekday,
2024/8/2,Friday,Weekday,
2024/8/3,Saturday,Weekend,例假日
2024/8/4,Sunday,Weekend,例假日
2024/8/5,Monday,Weekday,
2024/8/6,Tuesday,Weekday,
2024/8/7,Wednesday,Weekday,
2024/8/8,Thursday,Weekday,
2024/8/9,Friday,Weekday,
2024/8/10,Saturday,Weekend,例假日
2024/8/11,Sunday,Weekend,例假日
2024/8/12,Monday,Weekday,
2024/8/13,Tuesday,Weekday,
2024/8/14,Wednesday,Weekday,
2024/8/15,Thursday,Weekday,
2024/8/16,Friday,Weekday,
2024/8/17,Saturday,Weekend,例假日
2024/8/18,Sunday,Weekend,例假日
2024/8/19,Monday,Weekday,
2024/8/20,Tuesday,Weekday,
2024/8/21,Wednesday,Weekday,
2024/8/22,Thursday,Weekday,
2024/8/23,Friday,Weekday,
2024/8/24,Saturday,Weekend,例假日
2024/8/25,Sunday,Weekend,例假日
2024/8/26,Monday,Weekday,
2024/8/27,Tuesday,Weekday,
2024/8/28,Wednesday,Weekday,
2024/8/29,Thursday,Weekday,
2024/8/30,Friday,Weekday,
2024/8/31,Saturday,Weekend,例假日
2024/9/1,Sunday,Weekend,例假日
2024/9/2,Monday,Weekday,
2024/9/3,Tuesday,Weekday,
2024/9/4,Wednesday,Weekday,
2024/9/5,Thursday,Weekday,
2024/9/6,Friday,Weekday,
2024/9/7,Saturday,Weekend,例假日
2024/9/8,Sunday,Weekend,例假日
2024/9/9,Monday,Weekday,
2024/9/10,Tuesday,Weekday,
2024/9/11,Wednesday,Weekday,
2024/9/12,Thursday,Weekday,
2024/9/13,Friday,Weekday,
2024/9/14,Saturday,Weekend,例假日
2024/9/15,Sunday,Weekend,例假日
2024/9/16,Monday,Weekday,
2024/9/17,Tuesday,Weekend,中秋節
2024/9/18,Wednesday,Weekday,
2024/9/19,Thursday,Weekday,
2024/9/20,Friday,Weekday,
2024/9/21,Saturday,Weekend,例假日
2024/9/22,Sunday,Weekend,例假日
2024/9/23,Monday,Weekday,
2024/9/24,Tuesday,Weekday,
2024/9/25,Wednesday,Weekday,
2024/9/26,Thursday,Weekday,
2024/9/27,Friday,Weekday,
2024/9/28,Saturday,Weekend,例假日
2024/9/29,Sunday,Weekend,例假日
2024/9/30,Monday,Weekday,
2024/10/1,Tuesday,Weekday,
2024/10/2,Wednesday,Weekday,
2024/10/3,Thursday,Weekday,
2024/10/4,Friday,Weekday,
2024/10/5,Saturday,Weekend,例假日
2024/10/6,Sunday,Weekend,例假日
2024/10/7,Monday,Weekday,
2024/10/8,Tuesday,Weekday,
2024/10/9,Wednesday,Weekday,
2024/10/10,Thursday,Weekend,國慶日
2024/10/11,Friday,Weekday,
2024/10/12,Saturday,Weekend,例假日
2024/10/13,Sunday,Weekend,例假日
2024/10/14,Monday,Weekday,
2024/10/15,Tuesday,Weekday,
2024/10/16,Wednesday,Weekday,
2024/10/17,Thursday,Weekday,
2024/10/18,Friday,Weekday,
2024/10/19,Saturday,Weekend,例假日
2024/10/20,Sunday,Weekend,例假日
2024/10/21,Monday,Weekday,
2024/10/22,Tuesday,Weekday,
2024/10/23,Wednesday,Weekday,
2024/10/24,Thursday,Weekday,
2024/10/25,Friday,Weekday,
2024/10/26,Saturday,Weekend,例假日
2024/10/27,Sunday,Weekend,例假日
2024/10/28,Monday,Weekday,
2024/10/29,Tuesday,Weekday,
2024/10/30,Wednesday,Weekday,
2024/10/31,Thursday,Weekday,
2024/11/1,Friday,Weekday,
2024/11/2,Saturday,Weekend,例假日
2024/11/3,Sunday,Weekend,例假日
2024/11/4,Monday,Weekday,
2024/11/5,Tuesday,Weekday,
2024/11/6,Wednesday,Weekday,
2024/11/7,Thursday,Weekday,
2024/11/8,Friday,Weekday,
2024/11/9,Saturday,Weekend,例假日
2024/11/10,Sunday,Weekend,例假日
2024/11/11,Monday,Weekday,
2024/11/12,Tuesday,Weekday,
2024/11/13,Wednesday,Weekday,
2024/11/14,Thursday,Weekday,
2024/11/15,Friday,Weekday,
2024/11/16,Saturday,Weekend,例假日
2024/11/17,Sunday,Weekend,例假日
2024/11/18,Monday,Weekday,
2024/11/19,Tuesday,Weekday,
2024/11/20,Wednesday,Weekday,
2024/11/21,Thursday,Weekday,
2024/11/22,Friday,Weekday,
2024/11/23,Saturday,Weekend,例假日
2024/11/24,Sunday,Weekend,例假日
2024/11/25,Monday,Weekday,
2024/11/26,Tuesday,Weekday,
2024/11/27,Wednesday,Weekday,
2024/11/28,Thursday,Weekday,
2024/11/29,Friday,Weekday,
2024/11/30,Saturday,Weekend,例假日
2024/12/1,Sunday,Weekend,例假日
2024/12/2,Monday,Weekday,
2024/12/3,Tuesday,Weekday,
2024/12/4,Wednesday,Weekday,
2024/12/5,Thursday,Weekday,
2024/12/6,Friday,Weekday,
2024/12/7,Saturday,Weekend,例假日
2024/12/8,Sunday,Weekend,例假日
2024/12/9,Monday,Weekday,
2024/12/10,Tuesday,Weekday,
2024/12/11,Wednesday,Weekday,
2024/12/12,Thursday,Weekday,
2024/12/13,Friday,Weekday,
2024/12/14,Saturday,Weekend,例假日
2024/12/15,Sunday,Weekend,例假日
2024/12/16,Monday,Weekday,
2024/12/17,Tuesday,Weekday,
2024/12/18,Wednesday,Weekday,
2024/12/19,Thursday,Weekday,
2024/12/20,Friday,Weekday,
2024/12/21,Saturday,Weekend,例假日
2024/12/22,Sunday,Weekend,例假日
2024/12/23,Monday,Weekday,
2024/12/24,Tuesday,Weekday,
2024/12/25,Wednesday,Weekday,
2024/12/26,Thursday,Weekday,
2024/12/27,Friday,Weekday,
2024/12/28,Saturday,Weekend,例假日
2024/12/29,Sunday,Weekend,例假日
2024/12/30,Monday,Weekday,
2024/12/31,Tuesday,Weekday,
2025/1/1,Wednesday,Weekend,中華民國開國紀念日
2025/1/2,Thursday,Weekday,
2025/1/3,Friday,Weekday,
2025/1/4,Saturday,Weekend,例假日
2025/1/5,Sunday,Weekend,例假日
2025/1/6,Monday,Weekday,
2025/1/7,Tuesday,Weekday,
2025/1/8,Wednesday,Weekday,
2025/1/9,Thursday,Weekday,
2025/1/10,Friday,Weekday,
2025/1/11,Saturday,Weekend,例假日
2025/1/12,Sunday,Weekend,例假日
2025/1/13,Monday,Weekday,
2025/1/14,Tuesday,Weekday,
2025/1/15,Wednesday,Weekday,
2025/1/16,Thursday,Weekday,
2025/1/17,Friday,Weekday,
2025/1/18,Saturday,Weekend,例假日
2025/1/19,Sunday,Weekend,例假日
2025/1/20,Monday,Weekday,
2025/1/21,Tuesday,Weekday,
2025/1/22,Wednesday,Weekday,
2025/1/23,Thursday,Weekday,
2025/1/24,Friday,Weekday,
2025/1/25,Saturday,Weekend,除夕及春節連假
2025/1/26,Sunday,Weekend,除夕及春節連假
2025/1/27,Monday,Weekend,除夕及春節連假
2025/1/28,Tuesday,Weekend,除夕及春節連假
2025/1/29,Wednesday,Weekend,除夕及春節連假
2025/1/30,Thursday,Weekend,除夕及春節連假
2025/1/31,Friday,Weekend,除夕及春節連假
2025/2/1,Saturday,Weekend,除夕及春節連假
2025/2/2,Sunday,Weekend,除夕及春節連假
2025/2/3,Monday,Weekday,
2025/2/4,Tuesday,Weekday,
2025/2/5,Wednesday,Weekday,
2025/2/6,Thursday,Weekday,
2025/2/7,Friday,Weekday,
2025/2/8,Saturday,Weekday,補班
2025/2/9,Sunday,Weekend,例假日
2025/2/10,Monday,Weekday,
2025/2/11,Tuesday,Weekday,
2025/2/12,Wednesday,Weekday,
2025/2/13,Thursday,Weekday,
2025/2/14,Friday,Weekday,
2025/2/15,Saturday,Weekend,例假日
2025/2/16,Sunday,Weekend,例假日
2025/2/17,Monday,Weekday,
2025/2/18,Tuesday,Weekday,
2025/2/19,Wednesday,Weekday,
2025/2/20,Thursday,Weekday,
2025/2/21,Friday,Weekday,
2025/2/22,Saturday,Weekend,例假日
2025/2/23,Sunday,Weekend,例假日
2025/2/24,Monday,Weekday,
2025/2/25,Tuesday,Weekday,
2025/2/26,Wednesday,Weekday,
2025/2/27,Thursday,Weekday,
2025/2/28,Friday,Weekend,和平紀念日
2025/3/1,Saturday,Weekend,例假日
2025/3/2,Sunday,Weekend,例假日
2025/3/3,Monday,Weekday,
2025/3/4,Tuesday,Weekday,
2025/3/5,Wednesday,Weekday,
2025/3/6,Thursday,Weekday,
2025/3/7,Friday,Weekday,
2025/3/8,Saturday,Weekend,例假日
2025/3/9,Sunday,Weekend,例假日
2025/3/10,Monday,Weekday,
2025/3/11,Tuesday,Weekday,
2025/3/12,Wednesday,Weekday,
2025/3/13,Thursday,Weekday,
2025/3/14,Friday,Weekday,
2025/3/15,Saturday,Weekend,例假日
2025/3/16,Sunday,Weekend,例假日
2025/3/17,Monday,Weekday,
2025/3/18,Tuesday,Weekday,
2025/3/19,Wednesday,Weekday,
2025/3/20,Thursday,Weekday,
2025/3/21,Friday,Weekday,
2025/3/22,Saturday,Weekend,例假日
2025/3/23,Sunday,Weekend,例假日
2025/3/24,Monday,Weekday,
2025/3/25,Tuesday,Weekday,
2025/3/26,Wednesday,Weekday,
2025/3/27,Thursday,Weekday,
2025/3/28,Friday,Weekday,
2025/3/29,Saturday,Weekend,例假日
2025/3/30,Sunday,Weekend,例假日
2025/3/31,Monday,Weekday,
2025/4/1,Tuesday,Weekday,
2025/4/2,Wednesday,Weekday,
2025/4/3,Thursday,Weekend,兒童節及清明節補假
2025/4/4,Friday,Weekend,兒童節、清明節
2025/4/5,Saturday,Weekend,例假日
2025/4/6,Sunday,Weekend,例假日
2025/4/7,Monday,Weekday,
2025/4/8,Tuesday,Weekday,
2025/4/9,Wednesday,Weekday,
2025/4/10,Thursday,Weekday,
2025/4/11,Friday,Weekday,
2025/4/12,Saturday,Weekend,例假日
2025/4/13,Sunday,Weekend,例假日
2025/4/14,Monday,Weekday,
2025/4/15,Tuesday,Weekday,
2025/4/16,Wednesday,Weekday,
2025/4/17,Thursday,Weekday,
2025/4/18,Friday,Weekday,
2025/4/19,Saturday,Weekend,例假日
2025/4/20,Sunday,Weekend,例假日
2025/4/21,Monday,Weekday,
2025/4/22,Tuesday,Weekday,
2025/4/23,Wednesday,Weekday,
2025/4/24,Thursday,Weekday,
2025/4/25,Friday,Weekday,
2025/4/26,Saturday,Weekend,例假日
2025/4/27,Sunday,Weekend,例假日
2025/4/28,Monday,Weekday,
2025/4/29,Tuesday,Weekday,
2025/4/30,Wednesday,Weekday,
2025/5/1,Thursday,Weekday,
2025/5/2,Friday,Weekday,
2025/5/3,Saturday,Weekend,例假日
2025/5/4,Sunday,Weekend,例假日
2025/5/5,Monday,Weekday,
2025/5/6,Tuesday,Weekday,
2025/5/7,Wednesday,Weekday,
2025/5/8,Thursday,Weekday,
2025/5/9,Friday,Weekday,
2025/5/10,Saturday,Weekend,例假日
2025/5/11,Sunday,Weekend,例假日
2025/5/12,Monday,Weekday,
2025/5/13,Tuesday,Weekday,
2025/5/14,Wednesday,Weekday,
2025/5/15,Thursday,Weekday,
2025/5/16,Friday,Weekday,
2025/5/17,Saturday,Weekend,例假日
2025/5/18,Sunday,Weekend,例假日
2025/5/19,Monday,Weekday,
2025/5/20,Tuesday,Weekday,
2025/5/21,Wednesday,Weekday,
2025/5/22,Thursday,Weekday,
2025/5/23,Friday,Weekday,
2025/5/24,Saturday,Weekend,例假日
2025/5/25,Sunday,Weekend,例假日
2025/5/26,Monday,Weekday,
2025/5/27,Tuesday,Weekday,
2025/5/28,Wednesday,Weekday,
2025/5/29,Thursday,Weekday,
2025/5/30,Friday,Weekend,端午節補假
2025/5/31,Saturday,Weekend,端午節
2025/6/1,Sunday,Weekend,例假日
2025/6/2,Monday,Weekday,
2025/6/3,Tuesday,Weekday,
2025/6/4,Wednesday,Weekday,
2025/6/5,Thursday,Weekday,
2025/6/6,Friday,Weekday,
2025/6/7,Saturday,Weekend,例假日
2025/6/8,Sunday,Weekend,例假日
2025/6/9,Monday,Weekday,
2025/6/10,Tuesday,Weekday,
2025/6/11,Wednesday,Weekday,
2025/6/12,Thursday,Weekday,
2025/6/13,Friday,Weekday,
2025/6/14,Saturday,Weekend,例假日
2025/6/15,Sunday,Weekend,例假日
2025/6/16,Monday,Weekday,
2025/6/17,Tuesday,Weekday,
2025/6/18,Wednesday,Weekday,
2025/6/19,Thursday,Weekday,
2025/6/20,Friday,Weekday,
2025/6/21,Saturday,Weekend,例假日
2025/6/22,Sunday,Weekend,例假日
2025/6/23,Monday,Weekday,
2025/6/24,Tuesday,Weekday,
2025/6/25,Wednesday,Weekday,
2025/6/26,Thursday,Weekday,
2025/6/27,Friday,Weekday,
2025/6/28,Saturday,Weekend,例假日
2025/6/29,Sunday,Weekend,例假日
2025/6/30,Monday,Weekday,
2025/7/1,Tuesday,Weekday,
2025/7/2,Wednesday,Weekday,
2025/7/3,Thursday,Weekday,
2025/7/4,Friday,Weekday,
2025/7/5,Saturday,Weekend,例假日
2025/7/6,Sunday,Weekend,例假日
2025/7/7,Monday,Weekday,
2025/7/8,Tuesday,Weekday,
2025/7/9,Wednesday,Weekday,
2025/7/10,Thursday,Weekday,
2025/7/11,Friday,Weekday,
2025/7/12,Saturday,Weekend,例假日
2025/7/13,Sunday,Weekend,例假日
2025/7/14,Monday,Weekday,
2025/7/15,Tuesday,Weekday,
2025/7/16,Wednesday,Weekday,
2025/7/17,Thursday,Weekday,
2025/7/18,Friday,Weekday,
2025/7/19,Saturday,Weekend,例假日
2025/7/20,Sunday,Weekend,例假日
2025/7/21,Monday,Weekday,
2025/7/22,Tuesday,Weekday,
2025/7/23,Wednesday,Weekday,
2025/7/24,Thursday,Weekday,
2025/7/25,Friday,Weekday,
2025/7/26,Saturday,Weekend,例假日
2025/7/27,Sunday,Weekend,例假日
2025/7/28,Monday,Weekday,
2025/7/29,Tuesday,Weekday,
2025/7/30,Wednesday,Weekday,
2025/7/31,Thursday,Weekday,
2025/8/1,Friday,Weekday,
2025/8/2,Saturday,Weekend,例假日
2025/8/3,Sunday,Weekend,例假日
2025/8/4,Monday,Weekday,
2025/8/5,Tuesday,Weekday,
2025/8/6,Wednesday,Weekday,
2025/8/7,Thursday,Weekday,
2025/8/8,Friday,Weekday,
2025/8/9,Saturday,Weekend,例假日
2025/8/10,Sunday,Weekend,例假日
2025/8/11,Monday,Weekday,
2025/8/12,Tuesday,Weekday,
2025/8/13,Wednesday,Weekday,
2025/8/14,Thursday,Weekday,
2025/8/15,Friday,Weekday,
2025/8/16,Saturday,Weekend,例假日
2025/8/17,Sunday,Weekend,例假日
2025/8/18,Monday,Weekday,
2025/8/19,Tuesday,Weekday,
2025/8/20,Wednesday,Weekday,
2025/8/21,Thursday,Weekday,
2025/8/22,Friday,Weekday,
2025/8/23,Saturday,Weekend,例假日
2025/8/24,Sunday,Weekend,例假日
2025/8/25,Monday,Weekday,
2025/8/26,Tuesday,Weekday,
2025/8/27,Wednesday,Weekday,
2025/8/28,Thursday,Weekday,
2025/8/29,Friday,Weekday,
2025/8/30,Saturday,Weekend,例假日
2025/8/31,Sunday,Weekend,例假日
2025/9/1,Monday,Weekday,
2025/9/2,Tuesday,Weekday,
2025/9/3,Wednesday,Weekday,
2025/9/4,Thursday,Weekday,
2025/9/5,Friday,Weekday,
2025/9/6,Saturday,Weekend,例假日
2025/9/7,Sunday,Weekend,例假日
2025/9/8,Monday,Weekday,
2025/9/9,Tuesday,Weekday,
2025/9/10,Wednesday,Weekday,
2025/9/11,Thursday,Weekday,
2025/9/12,Friday,Weekday,
2025/9/13,Saturday,Weekend,例假日
2025/9/14,Sunday,Weekend,例假日
2025/9/15,Monday,Weekday,
2025/9/16,Tuesday,Weekday,
2025/9/17,Wednesday,Weekday,
2025/9/18,Thursday,Weekday,
2025/9/19,Friday,Weekday,
2025/9/20,Saturday,Weekend,例假日
2025/9/21,Sunday,Weekend,例假日
2025/9/22,Monday,Weekday,
2025/9/23,Tuesday,Weekday,
2025/9/24,Wednesday,Weekday,
2025/9/25,Thursday,Weekday,
2025/9/26,Friday,Weekday,
2025/9/27,Saturday,Weekend,例假日
2025/9/28,Sunday,Weekend,孔子誕辰紀念日／教師節
2025/9/29,Monday,Weekend,孔子誕辰紀念日／教師節補假
2025/9/30,Tuesday,Weekday,
2025/10/1,Wednesday,Weekday,
2025/10/2,Thursday,Weekday,
2025/10/3,Friday,Weekday,
2025/10/4,Saturday,Weekend,例假日
2025/10/5,Sunday,Weekend,例假日
2025/10/6,Monday,Weekend,中秋節
2025/10/7,Tuesday,Weekday,
2025/10/8,Wednesday,Weekday,
2025/10/9,Thursday,Weekday,
2025/10/10,Friday,Weekend,國慶日
2025/10/11,Saturday,Weekend,例假日
2025/10/12,Sunday,Weekend,例假日
2025/10/13,Monday,Weekday,
2025/10/14,Tuesday,Weekday,
2025/10/15,Wednesday,Weekday,
2025/10/16,Thursday,Weekday,
2025/10/17,Friday,Weekday,
2025/10/18,Saturday,Weekend,例假日
2025/10/19,Sunday,Weekend,例假日
2025/10/20,Monday,Weekday,
2025/10/21,Tuesday,Weekday,
2025/10/22,Wednesday,Weekday,
2025/10/23,Thursday,Weekday,
2025/10/24,Friday,Weekend,臺灣光復暨金門古寧頭大捷紀念日補假
2025/10/25,Saturday,Weekend,臺灣光復暨金門古寧頭大捷紀念日
2025/10/26,Sunday,Weekend,例假日
2025/10/27,Monday,Weekday,
2025/10/28,Tuesday,Weekday,
2025/10/29,Wednesday,Weekday,
2025/10/30,Thursday,Weekday,
2025/10/31,Friday,Weekday,
2025/11/1,Saturday,Weekend,例假日
2025/11/2,Sunday,Weekend,例假日
2025/11/3,Monday,Weekday,
2025/11/4,Tuesday,Weekday,
2025/11/5,Wednesday,Weekday,
2025/11/6,Thursday,Weekday,
2025/11/7,Friday,Weekday,
2025/11/8,Saturday,Weekend,例假日
2025/11/9,Sunday,Weekend,例假日
2025/11/10,Monday,Weekday,
2025/11/11,Tuesday,Weekday,
2025/11/12,Wednesday,Weekday,
2025/11/13,Thursday,Weekday,
2025/11/14,Friday,Weekday,
2025/11/15,Saturday,Weekend,例假日
2025/11/16,Sunday,Weekend,例假日
2025/11/17,Monday,Weekday,
2025/11/18,Tuesday,Weekday,
2025/11/19,Wednesday,Weekday,
2025/11/20,Thursday,Weekday,
2025/11/21,Friday,Weekday,
2025/11/22,Saturday,Weekend,例假日
2025/11/23,Sunday,Weekend,例假日
2025/11/24,Monday,Weekday,
2025/11/25,Tuesday,Weekday,
2025/11/26,Wednesday,Weekday,
2025/11/27,Thursday,Weekday,
2025/11/28,Friday,Weekday,
2025/11/29,Saturday,Weekend,例假日
2025/11/30,Sunday,Weekend,例假日
2025/12/1,Monday,Weekday,
2025/12/2,Tuesday,Weekday,
2025/12/3,Wednesday,Weekday,
2025/12/4,Thursday,Weekday,
2025/12/5,Friday,Weekday,
2025/12/6,Saturday,Weekend,例假日
2025/12/7,Sunday,Weekend,例假日
2025/12/8,Monday,Weekday,
2025/12/9,Tuesday,Weekday,
2025/12/10,Wednesday,Weekday,
2025/12/11,Thursday,Weekday,
2025/12/12,Friday,Weekday,
2025/12/13,Saturday,Weekend,例假日
2025/12/14,Sunday,Weekend,例假日
2025/12/15,Monday,Weekday,
2025/12/16,Tuesday,Weekday,
2025/12/17,Wednesday,Weekday,
2025/12/18,Thursday,Weekday,
2025/12/19,Friday,Weekday,
2025/12/20,Saturday,Weekend,例假日
2025/12/21,Sunday,Weekend,例假日
2025/12/22,Monday,Weekday,
2025/12/23,Tuesday,Weekday,
2025/12/24,Wednesday,Weekday,
2025/12/25,Thursday,Weekend,行憲紀念日
2025/12/26,Friday,Weekday,
2025/12/27,Saturday,Weekend,例假日
2025/12/28,Sunday,Weekend,例假日
2025/12/29,Monday,Weekday,
2025/12/30,Tuesday,Weekday,
2025/12/31,Wednesday,Weekday,
2026/1/1,Thursday,Weekend,中華民國開國紀念日
2026/1/2,Friday,Weekday,
2026/1/3,Saturday,Weekend,例假日
2026/1/4,Sunday,Weekend,例假日
2026/1/5,Monday,Weekday,
2026/1/6,Tuesday,Weekday,
2026/1/7,Wednesday,Weekday,
2026/1/8,Thursday,Weekday,
2026/1/9,Friday,Weekday,
2026/1/10,Saturday,Weekend,例假日
2026/1/11,Sunday,Weekend,例假日
2026/1/12,Monday,Weekday,
2026/1/13,Tuesday,Weekday,
2026/1/14,Wednesday,Weekday,
2026/1/15,Thursday,Weekday,
2026/1/16,Friday,Weekday,
2026/1/17,Saturday,Weekend,例假日
2026/1/18,Sunday,Weekend,例假日
2026/1/19,Monday,Weekday,
2026/1/20,Tuesday,Weekday,
2026/1/21,Wednesday,Weekday,
2026/1/22,Thursday,Weekday,
2026/1/23,Friday,Weekday,
2026/1/24,Saturday,Weekend,例假日
2026/1/25,Sunday,Weekend,例假日
2026/1/26,Monday,Weekday,
2026/1/27,Tuesday,Weekday,
2026/1/28,Wednesday,Weekday,
2026/1/29,Thursday,Weekday,
2026/1/30,Friday,Weekday,
2026/1/31,Saturday,Weekend,例假日
2026/2/1,Sunday,Weekend,例假日
2026/2/2,Monday,Weekday,
2026/2/3,Tuesday,Weekday,
2026/2/4,Wednesday,Weekday,
2026/2/5,Thursday,Weekday,
2026/2/6,Friday,Weekday,
2026/2/7,Saturday,Weekend,例假日
2026/2/8,Sunday,Weekend,例假日
2026/2/9,Monday,Weekday,
2026/2/10,Tuesday,Weekday,
2026/2/11,Wednesday,Weekday,
2026/2/12,Thursday,Weekday,
2026/2/13,Friday,Weekday,
2026/2/14,Saturday,Weekend,除夕及春節連假
2026/2/15,Sunday,Weekend,除夕及春節連假
2026/2/16,Monday,Weekend,除夕及春節連假
2026/2/17,Tuesday,Weekend,除夕及春節連假
2026/2/18,Wednesday,Weekend,除夕及春節連假
2026/2/19,Thursday,Weekend,除夕及春節連假
2026/2/20,Friday,Weekend,除夕及春節連假
2026/2/21,Saturday,Weekend,除夕及春節連假
2026/2/22,Sunday,Weekend,除夕及春節連假
2026/2/23,Monday,Weekday,
2026/2/24,Tuesday,Weekday,
2026/2/25,Wednesday,Weekday,
2026/2/26,Thursday,Weekday,
2026/2/27,Friday,Weekend,和平紀念日補假
2026/2/28,Saturday,Weekend,和平紀念日
2026/3/1,Sunday,Weekend,例假日
2026/3/2,Monday,Weekday,
2026/3/3,Tuesday,Weekday,
2026/3/4,Wednesday,Weekday,
2026/3/5,Thursday,Weekday,
2026/3/6,Friday,Weekday,
2026/3/7,Saturday,Weekend,例假日
2026/3/8,Sunday,Weekend,例假日
2026/3/9,Monday,Weekday,
2026/3/10,Tuesday,Weekday,
2026/3/11,Wednesday,Weekday,
2026/3/12,Thursday,Weekday,
2026/3/13,Friday,Weekday,
2026/3/14,Saturday,Weekend,例假日
2026/3/15,Sunday,Weekend,例假日
2026/3/16,Monday,Weekday,
2026/3/17,Tuesday,Weekday,
2026/3/18,Wednesday,Weekday,
2026/3/19,Thursday,Weekday,
2026/3/20,Friday,Weekday,
2026/3/21,Saturday,Weekend,例假日
2026/3/22,Sunday,Weekend,例假日
2026/3/23,Monday,Weekday,
2026/3/24,Tuesday,Weekday,
2026/3/25,Wednesday,Weekday,
2026/3/26,Thursday,Weekday,
2026/3/27,Friday,Weekday,
2026/3/28,Saturday,Weekend,例假日
2026/3/29,Sunday,Weekend,例假日
2026/3/30,Monday,Weekday,
2026/3/31,Tuesday,Weekday,
2026/4/1,Wednesday,Weekday,
2026/4/2,Thursday,Weekday,
2026/4/3,Friday,Weekend,兒童節補假
2026/4/4,Saturday,Weekend,兒童節
2026/4/5,Sunday,Weekend,清明節
2026/4/6,Monday,Weekend,清明節補假
2026/4/7,Tuesday,Weekday,
2026/4/8,Wednesday,Weekday,
2026/4/9,Thursday,Weekday,
2026/4/10,Friday,Weekday,
2026/4/11,Saturday,Weekend,例假日
2026/4/12,Sunday,Weekend,例假日
2026/4/13,Monday,Weekday,
2026/4/14,Tuesday,Weekday,
2026/4/15,Wednesday,Weekday,
2026/4/16,Thursday,Weekday,
2026/4/17,Friday,Weekday,
2026/4/18,Saturday,Weekend,例假日
2026/4/19,Sunday,Weekend,例假日
2026/4/20,Monday,Weekday,
2026/4/21,Tuesday,Weekday,
2026/4/22,Wednesday,Weekday,
2026/4/23,Thursday,Weekday,
2026/4/24,Friday,Weekday,
2026/4/25,Saturday,Weekend,例假日
2026/4/26,Sunday,Weekend,例假日
2026/4/27,Monday,Weekday,
2026/4/28,Tuesday,Weekday,
2026/4/29,Wednesday,Weekday,
2026/4/30,Thursday,Weekday,
2026/5/1,Friday,Weekend,勞動節
2026/5/2,Saturday,Weekend,例假日
2026/5/3,Sunday,Weekend,例假日
2026/5/4,Monday,Weekday,
2026/5/5,Tuesday,Weekday,
2026/5/6,Wednesday,Weekday,
2026/5/7,Thursday,Weekday,
2026/5/8,Friday,Weekday,
2026/5/9,Saturday,Weekend,例假日
2026/5/10,Sunday,Weekend,例假日
2026/5/11,Monday,Weekday,
2026/5/12,Tuesday,Weekday,
2026/5/13,Wednesday,Weekday,
2026/5/14,Thursday,Weekday,
2026/5/15,Friday,Weekday,
2026/5/16,Saturday,Weekend,例假日
2026/5/17,Sunday,Weekend,例假日
2026/5/18,Monday,Weekday,
2026/5/19,Tuesday,Weekday,
2026/5/20,Wednesday,Weekday,
2026/5/21,Thursday,Weekday,
2026/5/22,Friday,Weekday,
2026/5/23,Saturday,Weekend,例假日
2026/5/24,Sunday,Weekend,例假日
2026/5/25,Monday,Weekday,
2026/5/26,Tuesday,Weekday,
2026/5/27,Wednesday,Weekday,
2026/5/28,Thursday,Weekday,
2026/5/29,Friday,Weekday,
2026/5/30,Saturday,Weekend,例假日
2026/5/31,Sunday,Weekend,例假日
2026/6/1,Monday,Weekday,
2026/6/2,Tuesday,Weekday,
2026/6/3,Wednesday,Weekday,
2026/6/4,Thursday,Weekday,
2026/6/5,Friday,Weekday,
2026/6/6,Saturday,Weekend,例假日
2026/6/7,Sunday,Weekend,例假日
2026/6/8,Monday,Weekday,
2026/6/9,Tuesday,Weekday,
2026/6/10,Wednesday,Weekday,
2026/6/11,Thursday,Weekday,
2026/6/12,Friday,Weekday,
2026/6/13,Saturday,Weekend,例假日
2026/6/14,Sunday,Weekend,例假日
2026/6/15,Monday,Weekday,
2026/6/16,Tuesday,Weekday,
2026/6/17,Wednesday,Weekday,
2026/6/18,Thursday,Weekday,
2026/6/19,Friday,Weekend,端午節
2026/6/20,Saturday,Weekend,例假日
2026/6/21,Sunday,Weekend,例假日
2026/6/22,Monday,Weekday,
2026/6/23,Tuesday,Weekday,
2026/6/24,Wednesday,Weekday,
2026/6/25,Thursday,Weekday,
2026/6/26,Friday,Weekday,
2026/6/27,Saturday,Weekend,例假日
2026/6/28,Sunday,Weekend,例假日
2026/6/29,Monday,Weekday,
2026/6/30,Tuesday,Weekday,
2026/7/1,Wednesday,Weekday,
2026/7/2,Thursday,Weekday,
2026/7/3,Friday,Weekday,
2026/7/4,Saturday,Weekend,例假日
2026/7/5,Sunday,Weekend,例假日
2026/7/6,Monday,Weekday,
2026/7/7,Tuesday,Weekday,
2026/7/8,Wednesday,Weekday,
2026/7/9,Thursday,Weekday,
2026/7/10,Friday,Weekday,
2026/7/11,Saturday,Weekend,例假日
2026/7/12,Sunday,Weekend,例假日
2026/7/13,Monday,Weekday,
2026/7/14,Tuesday,Weekday,
2026/7/15,Wednesday,Weekday,
2026/7/16,Thursday,Weekday,
2026/7/17,Friday,Weekday,
2026/7/18,Saturday,Weekend,例假日
2026/7/19,Sunday,Weekend,例假日
2026/7/20,Monday,Weekday,
2026/7/21,Tuesday,Weekday,
2026/7/22,Wednesday,Weekday,
2026/7/23,Thursday,Weekday,
2026/7/24,Friday,Weekday,
2026/7/25,Saturday,Weekend,例假日
2026/7/26,Sunday,Weekend,例假日
2026/7/27,Monday,Weekday,
2026/7/28,Tuesday,Weekday,
2026/7/29,Wednesday,Weekday,
2026/7/30,Thursday,Weekday,
2026/7/31,Friday,Weekday,
2026/8/1,Saturday,Weekend,例假日
2026/8/2,Sunday,Weekend,例假日
2026/8/3,Monday,Weekday,
2026/8/4,Tuesday,Weekday,
2026/8/5,Wednesday,Weekday,
2026/8/6,Thursday,Weekday,
2026/8/7,Friday,Weekday,
2026/8/8,Saturday,Weekend,例假日
2026/8/9,Sunday,Weekend,例假日
2026/8/10,Monday,Weekday,
2026/8/11,Tuesday,Weekday,
2026/8/12,Wednesday,Weekday,
2026/8/13,Thursday,Weekday,
2026/8/14,Friday,Weekday,
2026/8/15,Saturday,Weekend,例假日
2026/8/16,Sunday,Weekend,例假日
2026/8/17,Monday,Weekday,
2026/8/18,Tuesday,Weekday,
2026/8/19,Wednesday,Weekday,
2026/8/20,Thursday,Weekday,
2026/8/21,Friday,Weekday,
2026/8/22,Saturday,Weekend,例假日
2026/8/23,Sunday,Weekend,例假日
2026/8/24,Monday,Weekday,
2026/8/25,Tuesday,Weekday,
2026/8/26,Wednesday,Weekday,
2026/8/27,Thursday,Weekday,
2026/8/28,Friday,Weekday,
2026/8/29,Saturday,Weekend,例假日
2026/8/30,Sunday,Weekend,例假日
2026/8/31,Monday,Weekday,
2026/9/1,Tuesday,Weekday,
2026/9/2,Wednesday,Weekday,
2026/9/3,Thursday,Weekday,
2026/9/4,Friday,Weekday,
2026/9/5,Saturday,Weekend,例假日
2026/9/6,Sunday,Weekend,例假日
2026/9/7,Monday,Weekday,
2026/9/8,Tuesday,Weekday,
2026/9/9,Wednesday,Weekday,
2026/9/10,Thursday,Weekday,
2026/9/11,Friday,Weekday,
2026/9/12,Saturday,Weekend,例假日
2026/9/13,Sunday,Weekend,例假日
2026/9/14,Monday,Weekday,
2026/9/15,Tuesday,Weekday,
2026/9/16,Wednesday,Weekday,
2026/9/17,Thursday,Weekday,
2026/9/18,Friday,Weekday,
2026/9/19,Saturday,Weekend,例假日
2026/9/20,Sunday,Weekend,例假日
2026/9/21,Monday,Weekday,
2026/9/22,Tuesday,Weekday,
2026/9/23,Wednesday,Weekday,
2026/9/24,Thursday,Weekday,
2026/9/25,Friday,Weekend,中秋節
2026/9/26,Saturday,Weekend,例假日
2026/9/27,Sunday,Weekend,例假日
2026/9/28,Monday,Weekend,孔子誕辰紀念日／教師節
2026/9/29,Tuesday,Weekday,
2026/9/30,Wednesday,Weekday,
2026/10/1,Thursday,Weekday,
2026/10/2,Friday,Weekday,
2026/10/3,Saturday,Weekend,例假日
2026/10/4,Sunday,Weekend,例假日
2026/10/5,Monday,Weekday,
2026/10/6,Tuesday,Weekday,
2026/10/7,Wednesday,Weekday,
2026/10/8,Thursday,Weekday,
2026/10/9,Friday,Weekend,國慶日補假
2026/10/10,Saturday,Weekend,國慶日
2026/10/11,Sunday,Weekend,例假日
2026/10/12,Monday,Weekday,
2026/10/13,Tuesday,Weekday,
2026/10/14,Wednesday,Weekday,
2026/10/15,Thursday,Weekday,
2026/10/16,Friday,Weekday,
2026/10/17,Saturday,Weekend,例假日
2026/10/18,Sunday,Weekend,例假日
2026/10/19,Monday,Weekday,
2026/10/20,Tuesday,Weekday,
2026/10/21,Wednesday,Weekday,
2026/10/22,Thursday,Weekday,
2026/10/23,Friday,Weekday,
2026/10/24,Saturday,Weekend,例假日
2026/10/25,Sunday,Weekend,臺灣光復暨金門古寧頭大捷紀念日
2026/10/26,Monday,Weekend,臺灣光復暨金門古寧頭大捷紀念日補假
2026/10/27,Tuesday,Weekday,
2026/10/28,Wednesday,Weekday,
2026/10/29,Thursday,Weekday,
2026/10/30,Friday,Weekday,
2026/10/31,Saturday,Weekend,例假日
2026/11/1,Sunday,Weekend,例假日
2026/11/2,Monday,Weekday,
2026/11/3,Tuesday,Weekday,
2026/11/4,Wednesday,Weekday,
2026/11/5,Thursday,Weekday,
2026/11/6,Friday,Weekday,
2026/11/7,Saturday,Weekend,例假日
2026/11/8,Sunday,Weekend,例假日
2026/11/9,Monday,Weekday,
2026/11/10,Tuesday,Weekday,
2026/11/11,Wednesday,Weekday,
2026/11/12,Thursday,Weekday,
2026/11/13,Friday,Weekday,
2026/11/14,Saturday,Weekend,例假日
2026/11/15,Sunday,Weekend,例假日
2026/11/16,Monday,Weekday,
2026/11/17,Tuesday,Weekday,
2026/11/18,Wednesday,Weekday,
2026/11/19,Thursday,Weekday,
2026/11/20,Friday,Weekday,
2026/11/21,Saturday,Weekend,例假日
2026/11/22,Sunday,Weekend,例假日
2026/11/23,Monday,Weekday,
2026/11/24,Tuesday,Weekday,
2026/11/25,Wednesday,Weekday,
2026/11/26,Thursday,Weekday,
2026/11/27,Friday,Weekday,
2026/11/28,Saturday,Weekend,例假日
2026/11/29,Sunday,Weekend,例假日
2026/11/30,Monday,Weekday,
2026/12/1,Tuesday,Weekday,
2026/12/2,Wednesday,Weekday,
2026/12/3,Thursday,Weekday,
2026/12/4,Friday,Weekday,
2026/12/5,Saturday,Weekend,例假日
2026/12/6,Sunday,Weekend,例假日
2026/12/7,Monday,Weekday,
2026/12/8,Tuesday,Weekday,
2026/12/9,Wednesday,Weekday,
2026/12/10,Thursday,Weekday,
2026/12/11,Friday,Weekday,
2026/12/12,Saturday,Weekend,例假日
2026/12/13,Sunday,Weekend,例假日
2026/12/14,Monday,Weekday,
2026/12/15,Tuesday,Weekday,
2026/12/16,Wednesday,Weekday,
2026/12/17,Thursday,Weekday,
2026/12/18,Friday,Weekday,
2026/12/19,Saturday,Weekend,例假日
2026/12/20,Sunday,Weekend,例假日
2026/12/21,Monday,Weekday,
2026/12/22,Tuesday,Weekday,
2026/12/23,Wednesday,Weekday,
2026/12/24,Thursday,Weekday,
2026/12/25,Friday,Weekend,行憲紀念日
2026/12/26,Saturday,Weekend,例假日
2026/12/27,Sunday,Weekend,例假日
2026/12/28,Monday,Weekday,
2026/12/29,Tuesday,Weekday,
2026/12/30,Wednesday,Weekday,
2026/12/31,Thursday,Weekday,
