route,B,C,years_present,first_date,last_date,actual_days,expected_days,missing_days_count,missing_date_ranges,start_diff,end_diff,reverse_route_exists,note,target_route
01F0005S_01F0017S,01F0005S,01F0017S,"202,120,222,023,202,000,000,000",2021/6/22,2026/6/11,1816,1816,0,,相同,相同,N,,
01F0017N_01F0005N,01F0017N,01F0005N,"202,120,222,023,202,000,000,000",2021/6/22,2026/6/11,1816,1816,0,,相同,相同,N,,
01F0017S_01F0029S,01F0017S,01F0029S,"202,120,222,023,202,000,000,000",2021/6/22,2026/6/11,1816,1816,0,,相同,相同,N,,
01F0029N_01F0017N,01F0029N,01F0017N,"202,120,222,023,202,000,000,000",2021/6/22,2026/6/11,1816,1816,0,,相同,相同,N,,
01F0029S_01F0061S,01F0029S,01F0061S,"202,120,222,023,202,000,000,000",2021/6/22,2026/6/11,1816,1816,0,,相同,相同,N,,
01F0061N_01F0029N,01F0061N,01F0029N,"202,120,222,023,202,000,000,000",2021/6/22,2026/6/11,1816,1816,0,,相同,相同,N,,
01F0061N_03F0087S,01F0061N,03F0087S,"20,252,026",2025/5/23,2026/6/11,385,385,0,,比最早晚(2025-05-23 vs 2021-06-22),相同,N,新,
01F0061S_01F0099S,01F0061S,01F0099S,"202,120,222,023,202,000,000,000",2021/6/22,2026/6/11,1816,1816,0,,相同,相同,N,,
01F0099N_01F0061N,01F0099N,01F0061N,"202,120,222,023,202,000,000,000",2021/6/22,2026/6/11,1816,1816,0,,相同,相同,N,,
01F0099S_01F0147S,01F0099S,01F0147S,"202,120,222,023,202,000,000,000",2021/6/22,2026/6/11,1816,1816,0,,相同,相同,N,,
01F0099S_01H0163S,01F0099S,01H0163S,"202,120,222,023,202,000,000,000",2021/6/22,2026/6/11,1816,1816,0,,相同,相同,N,,
01F0099S_03F0054N,01F0099S,03F0054N,"202,120,222,023,202,000,000,000",2021/6/22,2026/6/11,1816,1816,0,,相同,相同,N,,
01F0099S_03F0116S,01F0099S,03F0116S,"202,120,222,023,202,000,000,000",2021/6/22,2026/6/11,1816,1816,0,,相同,相同,N,,
01F0147N_01F0099N,01F0147N,01F0099N,"202,120,222,023,202,000,000,000",2021/6/22,2026/6/11,1816,1816,0,,相同,相同,N,,
01F0147N_03F0054N,01F0147N,03F0054N,"202,120,222,023,202,000,000,000",2021/6/22,2026/6/11,1816,1816,0,,相同,相同,N,,
01F0147N_03F0116S,01F0147N,03F0116S,"202,120,222,023,202,000,000,000",2021/6/22,2026/6/11,1816,1816,0,,相同,相同,N,,
01F0147S_01F0153S,01F0147S,01F0153S,"202,420,252,026",2024/4/3,2026/6/11,786,800,14,2024-04-04~2024-04-09;2024-04-14~2024-04-21,比最早晚(2024-04-03 vs 2021-06-22),相同,N,合併0,01F0147S_01F0153S
01F0147S_01F0155S,01F0147S,01F0155S,"2,021,202,220,232,020",2021/6/22,2024/4/21,1030,1035,5,2024-04-03;2024-04-10~2024-04-13,相同,比最晚早(2024-04-21 vs 2026-06-11),N,合併0,01F0147S_01F0153S
01F0153N_01F0147N,01F0153N,01F0147N,"202,420,252,026",2024/4/3,2026/6/11,786,800,14,2024-04-04~2024-04-09;2024-04-14~2024-04-21,比最早晚(2024-04-03 vs 2021-06-22),相同,N,合併1,01F0153N_01F0147N
01F0153S_01F0182S,01F0153S,01F0182S,"202,420,252,026",2024/4/3,2026/6/11,786,800,14,2024-04-04~2024-04-09;2024-04-14~2024-04-21,比最早晚(2024-04-03 vs 2021-06-22),相同,N,合併2,01F0153S_01F0182S
01F0155N_01F0147N,01F0155N,01F0147N,"2,021,202,220,232,020",2021/6/22,2024/4/21,1030,1035,5,2024-04-03;2024-04-10~2024-04-13,相同,比最晚早(2024-04-21 vs 2026-06-11),N,合併1,01F0153N_01F0147N
01F0155S_01F0182S,01F0155S,01F0182S,"2,021,202,220,232,020",2021/6/22,2024/4/21,1030,1035,5,2024-04-03;2024-04-10~2024-04-13,相同,比最晚早(2024-04-21 vs 2026-06-11),N,合併2,01F0153S_01F0182S
01F0182S_01F0248S,01F0182S,01F0248S,"202,120,222,023,202,000,000,000",2021/6/22,2026/6/11,1816,1816,0,,相同,相同,N,,
01F0213N_01F0153N,01F0213N,01F0153N,"202,420,252,026",2024/4/3,2026/6/11,786,800,14,2024-04-04~2024-04-09;2024-04-14~2024-04-21,比最早晚(2024-04-03 vs 2021-06-22),相同,N,合併3,01F0213N_01F0153N
01F0213N_01F0155N,01F0213N,01F0155N,"2,021,202,220,232,020",2021/6/22,2024/4/21,1030,1035,5,2024-04-03;2024-04-10~2024-04-13,相同,比最晚早(2024-04-21 vs 2026-06-11),N,合併3,01F0213N_01F0153N
01F0233N_01F0213N,01F0233N,01F0213N,"202,120,222,023,202,000,000,000",2021/6/22,2026/6/11,1816,1816,0,,相同,相同,N,,
01F0248S_01F0264S,01F0248S,01F0264S,"202,120,222,023,202,000,000,000",2021/6/22,2026/6/11,1816,1816,0,,相同,相同,N,,
01F0256N_01F0233N,01F0256N,01F0233N,"202,120,222,023,202,000,000,000",2021/6/22,2026/6/11,1816,1816,0,,相同,相同,N,,
01F0264S_01F0293S,01F0264S,01F0293S,"202,120,222,023,202,000,000,000",2021/6/22,2026/6/11,1816,1816,0,,相同,相同,N,,
01F0293N_01F0256N,01F0293N,01F0256N,"202,120,222,023,202,000,000,000",2021/6/22,2026/6/11,1816,1816,0,,相同,相同,N,,
01F0293S_01F0339S,01F0293S,01F0339S,"202,120,222,023,202,000,000,000",2021/6/22,2026/6/11,1816,1816,0,,相同,相同,N,,
01F0339N_01F0293N,01F0339N,01F0293N,"202,120,222,023",2021/6/22,2023/4/25,673,673,0,,相同,比最晚早(2023-04-25 vs 2026-06-11),N,合併4,01F0340N_01F0293N
01F0339N_01H0271N,01F0339N,01H0271N,"202,120,222,023",2021/6/22,2023/4/25,673,673,0,,相同,比最晚早(2023-04-25 vs 2026-06-11),N,合併5,01F0340N_01H0271N
01F0339S_01F0376S,01F0339S,01F0376S,"202,120,222,023,202,000,000,000",2021/6/22,2026/6/11,1816,1816,0,,相同,相同,N,,
01F0339S_01H0447S,01F0339S,01H0447S,"202,120,222,023,202,000,000,000",2021/6/22,2026/6/11,1816,1816,0,,相同,相同,N,,
01F0340N_01F0293N,01F0340N,01F0293N,"2,023,202,420,252,020",2023/4/26,2026/6/11,1143,1143,0,,比最早晚(2023-04-26 vs 2021-06-22),相同,N,合併4,01F0340N_01F0293N
01F0340N_01H0271N,01F0340N,01H0271N,"2,023,202,420,252,020",2023/4/26,2026/6/11,1143,1143,0,,比最早晚(2023-04-26 vs 2021-06-22),相同,N,合併5,01F0340N_01H0271N
01F0376N_01F0339N,01F0376N,01F0339N,"202,120,222,023",2021/6/22,2023/4/25,673,673,0,,相同,比最晚早(2023-04-25 vs 2026-06-11),N,合併6,01F0376N_01F0340N
01F0376N_01F0340N,01F0376N,01F0340N,"2,023,202,420,252,020",2023/4/26,2026/6/11,1143,1143,0,,比最早晚(2023-04-26 vs 2021-06-22),相同,N,合併6,01F0376N_01F0340N
01F0376S_01F0413S,01F0376S,01F0413S,"202,120,222,023,202,000,000,000",2021/6/22,2026/6/11,1816,1816,0,,相同,相同,N,,
01F0413N_01F0376N,01F0413N,01F0376N,"202,120,222,023,202,000,000,000",2021/6/22,2026/6/11,1816,1816,0,,相同,相同,N,,
01F0413S_01F0467S,01F0413S,01F0467S,"202,120,222,023,202,000,000,000",2021/6/22,2026/6/11,1816,1816,0,,相同,相同,N,,
01F0467N_01F0413N,01F0467N,01F0413N,"202,120,222,023,202,000,000,000",2021/6/22,2026/6/11,1816,1816,0,,相同,相同,N,,
01F0467S_01F0492S,01F0467S,01F0492S,"20,222,023,202,420,200,000",2022/1/23,2026/6/11,1601,1601,0,,比最早晚(2022-01-23 vs 2021-06-22),相同,N,合併7,01F0467S_01F0492S
01F0467S_01F0511S,01F0467S,01F0511S,"20,212,022",2021/6/22,2022/1/22,215,215,0,,相同,比最晚早(2022-01-22 vs 2026-06-11),N,合併7,01F0467S_01F0492S
01F0492N_01F0467N,01F0492N,01F0467N,"20,222,023,202,420,200,000",2022/1/23,2026/6/11,1601,1601,0,,比最早晚(2022-01-23 vs 2021-06-22),相同,N,新,
01F0492S_01F0511S,01F0492S,01F0511S,"20,222,023,202,420,200,000",2022/1/23,2026/6/11,1601,1601,0,,比最早晚(2022-01-23 vs 2021-06-22),相同,N,新,
01F0511N_01F0467N,01F0511N,01F0467N,"20,212,022",2021/6/22,2022/1/22,215,215,0,,相同,比最晚早(2022-01-22 vs 2026-06-11),N,合併9,01F0511N_01F0492N
01F0511N_01F0492N,01F0511N,01F0492N,"20,222,023,202,420,200,000",2022/1/23,2026/6/11,1601,1601,0,,比最早晚(2022-01-23 vs 2021-06-22),相同,N,合併9,01F0511N_01F0492N
01F0511S_01F0532S,01F0511S,01F0532S,"202,120,222,023,202,000,000,000",2021/6/22,2026/6/11,1816,1816,0,,相同,相同,N,,
01F0511S_03F0525N,01F0511S,03F0525N,"202,120,222,023,202,000,000,000",2021/6/22,2026/6/11,1816,1816,0,,相同,相同,N,,
01F0511S_03F0559S,01F0511S,03F0559S,"202,120,222,023,202,000,000,000",2021/6/22,2026/6/11,1816,1816,0,,相同,相同,N,,
01F0532N_01F0511N,01F0532N,01F0511N,"202,120,222,023,202,000,000,000",2021/6/22,2026/6/11,1816,1816,0,,相同,相同,N,,
01F0532N_03F0525N,01F0532N,03F0525N,"202,120,222,023,202,000,000,000",2021/6/22,2026/6/11,1816,1816,0,,相同,相同,N,,
01F0532N_03F0559S,01F0532N,03F0559S,"202,120,222,023,202,000,000,000",2021/6/22,2026/6/11,1816,1816,0,,相同,相同,N,,
01F0532S_01F0532N,01F0532S,01F0532N,"20,212,022,202,320,200,000",2021/6/22,2025/5/22,1431,1431,0,,相同,比最晚早(2025-05-22 vs 2026-06-11),N,服務區,
01F0532S_01F0557S,01F0532S,01F0557S,"202,120,222,023,202,000,000,000",2021/6/22,2026/6/11,1816,1816,0,,相同,相同,N,,
01F0557N_01F0532N,01F0557N,01F0532N,"202,120,222,023,202,000,000,000",2021/6/22,2026/6/11,1816,1816,0,,相同,相同,N,,
01F0557N_01F0557S,01F0557N,01F0557S,"20,212,022,202,320,200,000",2021/6/22,2025/5/22,1431,1431,0,,相同,比最晚早(2025-05-22 vs 2026-06-11),N,服務區,
01F0557S_01F0578S,01F0557S,01F0578S,"202,120,222,023,202,000,000,000",2021/6/22,2026/6/11,1816,1816,0,,相同,相同,N,,
01F0578S_01F0616S,01F0578S,01F0616S,"20,252,026",2025/12/26,2026/6/11,168,168,0,,比最早晚(2025-12-26 vs 2021-06-22),相同,N,合併10,01F0578S_01F0616S
01F0578S_01F0633S,01F0578S,01F0633S,"20,212,022,202,320,200,000",2021/6/22,2025/12/25,1648,1648,0,,相同,比最晚早(2025-12-25 vs 2026-06-11),N,合併10,01F0578S_01F0616S
01F0578S_01H0610S,01F0578S,01H0610S,"202,120,222,023,202,000,000,000",2021/6/22,2026/6/11,1816,1816,0,,相同,相同,N,,
01F0584N_01F0557N,01F0584N,01F0557N,"202,120,222,023,202,000,000,000",2021/6/22,2026/6/11,1816,1816,0,,相同,相同,N,,
01F0616N_01F0584N,01F0616N,01F0584N,"20,252,026",2025/12/26,2026/6/11,168,168,0,,比最早晚(2025-12-26 vs 2021-06-22),相同,N,合併11,01F0616N_01F0584N
01F0616S_01F0633S,01F0616S,01F0633S,"20,252,026",2025/12/26,2026/6/11,168,168,0,,比最早晚(2025-12-26 vs 2021-06-22),相同,N,新,
01F0633N_01F0584N,01F0633N,01F0584N,"20,212,022,202,320,200,000",2021/6/22,2025/12/25,1648,1648,0,,相同,比最晚早(2025-12-25 vs 2026-06-11),N,合併11,01F0616N_01F0584N
01F0633N_01F0616N,01F0633N,01F0616N,"20,252,026",2025/12/26,2026/6/11,168,168,0,,比最早晚(2025-12-26 vs 2021-06-22),相同,N,新,
01F0633N_01H0579N,01F0633N,01H0579N,"202,120,222,023,202,000,000,000",2021/6/22,2026/6/11,1816,1816,0,,相同,相同,N,,
01F0633S_01F0664S,01F0633S,01F0664S,"202,120,222,023,202,000,000,000",2021/6/22,2026/6/11,1816,1816,0,,相同,相同,N,,
01F0664N_01F0633N,01F0664N,01F0633N,"202,120,222,023,202,000,000,000",2021/6/22,2026/6/11,1816,1816,0,,相同,相同,N,,
01F0664S_01F0681S,01F0664S,01F0681S,"202,120,222,023,202,000,000,000",2021/6/22,2026/6/11,1816,1816,0,,相同,相同,N,,
01F0681N_01F0664N,01F0681N,01F0664N,"202,120,222,023,202,000,000,000",2021/6/22,2026/6/11,1816,1816,0,,相同,相同,N,,
01F0681S_01F0699S,01F0681S,01F0699S,"202,120,222,023,202,000,000,000",2021/6/22,2026/6/11,1816,1816,0,,相同,相同,N,,
01F0699N_01F0681N,01F0699N,01F0681N,"202,120,222,023,202,000,000,000",2021/6/22,2026/6/11,1816,1816,0,,相同,相同,N,,
01F0699S_01F0750S,01F0699S,01F0750S,"202,120,222,023,202,000,000,000",2021/6/22,2026/6/11,1816,1816,0,,相同,相同,N,,
01F0750N_01F0699N,01F0750N,01F0699N,"202,120,222,023,202,000,000,000",2021/6/22,2026/6/11,1816,1816,0,,相同,相同,N,,
01F0750N_01H0608N,01F0750N,01H0608N,"202,120,222,023,202,000,000,000",2021/6/22,2026/6/11,1816,1816,0,,相同,相同,N,,
01F0750S_01F0880S,01F0750S,01F0880S,"202,120,222,023,202,000,000,000",2021/6/22,2026/6/11,1816,1816,0,,相同,相同,N,,
01F0880N_01F0750N,01F0880N,01F0750N,"202,120,222,023,202,000,000,000",2021/6/22,2026/6/11,1816,1816,0,,相同,相同,N,,
01F0880S_01F0928S,01F0880S,01F0928S,"202,120,222,023,202,000,000,000",2021/6/22,2026/6/11,1816,1816,0,,相同,相同,N,,
01F0928N_01F0880N,01F0928N,01F0880N,"202,120,222,023,202,000,000,000",2021/6/22,2026/6/11,1816,1816,0,,相同,相同,N,,
01F0928S_01F0950S,01F0928S,01F0950S,"202,120,222,023,202,000,000,000",2021/6/22,2026/6/11,1816,1816,0,,相同,相同,N,,
01F0950S_01F0980S,01F0950S,01F0980S,"202,120,222,023,202,000,000,000",2021/6/22,2026/6/11,1816,1816,0,,相同,相同,N,,
01F0956N_01F0928N,01F0956N,01F0928N,"202,120,222,023,202,000,000,000",2021/6/22,2026/6/11,1816,1816,0,,相同,相同,N,,
01F0979N_01F0956N,01F0979N,01F0956N,"202,120,222,023,202,000,000,000",2021/6/22,2026/6/11,1816,1816,0,,相同,相同,N,,
01F0980S_01F1045S,01F0980S,01F1045S,"202,120,222,023,202,000,000,000",2021/6/22,2026/6/11,1816,1816,0,,相同,相同,N,,
01F0980S_03F0996N,01F0980S,03F0996N,"202,120,222,023,202,000,000,000",2021/6/22,2026/6/11,1816,1816,0,,相同,相同,N,,
01F0980S_03F1022S,01F0980S,03F1022S,"202,120,222,023,202,000,000,000",2021/6/22,2026/6/11,1816,1816,0,,相同,相同,N,,
01F1045N_01F0979N,01F1045N,01F0979N,"202,120,222,023,202,000,000,000",2021/6/22,2026/6/11,1816,1816,0,,相同,相同,N,,
01F1045N_03F0996N,01F1045N,03F0996N,"202,120,222,023,202,000,000,000",2021/6/22,2026/6/11,1816,1816,0,,相同,相同,N,,
01F1045N_03F1022S,01F1045N,03F1022S,"202,120,222,023,202,000,000,000",2021/6/22,2026/6/11,1816,1816,0,,相同,相同,N,,
01F1045S_01F1123S,01F1045S,01F1123S,"202,120,222,023,202,000,000,000",2021/6/22,2026/6/11,1816,1816,0,,相同,相同,N,,
01F1123N_01F1045N,01F1123N,01F1045N,"202,120,222,023,202,000,000,000",2021/6/22,2026/6/11,1816,1816,0,,相同,相同,N,,
01F1123S_01F1292S,01F1123S,01F1292S,"202,120,222,023,202,000,000,000",2021/6/22,2026/6/11,1816,1816,0,,相同,相同,N,,
01F1292N_01F1123N,01F1292N,01F1123N,"202,120,222,023,202,000,000,000",2021/6/22,2026/6/11,1816,1816,0,,相同,相同,N,,
01F1292S_01F1389S,01F1292S,01F1389S,"202,120,222,023,202,000,000,000",2021/6/22,2026/6/11,1816,1816,0,,相同,相同,N,,
01F1389N_01F1292N,01F1389N,01F1292N,"202,120,222,023,202,000,000,000",2021/6/22,2026/6/11,1816,1816,0,,相同,相同,N,,
01F1389S_01F1465S,01F1389S,01F1465S,"202,120,222,023,202,000,000,000",2021/6/22,2026/6/11,1816,1816,0,,相同,相同,N,,
01F1465N_01F1389N,01F1465N,01F1389N,"202,120,222,023,202,000,000,000",2021/6/22,2026/6/11,1816,1816,0,,相同,相同,N,,
01F1465S_01F1572S,01F1465S,01F1572S,"202,120,222,023,202,000,000,000",2021/6/22,2026/6/11,1816,1816,0,,相同,相同,N,,
01F1572N_01F1465N,01F1572N,01F1465N,"202,120,222,023,202,000,000,000",2021/6/22,2026/6/11,1816,1816,0,,相同,相同,N,,
01F1572S_01F1621S,01F1572S,01F1621S,"202,120,222,023,202,000,000,000",2021/6/22,2026/6/11,1816,1816,0,,相同,相同,N,,
01F1621N_01F1572N,01F1621N,01F1572N,"202,120,222,023,202,000,000,000",2021/6/22,2026/6/11,1816,1816,0,,相同,相同,N,,
01F1621S_01F1664S,01F1621S,01F1664S,"202,120,222,023,202,000,000,000",2021/6/22,2026/6/11,1816,1816,0,,相同,相同,N,,
01F1621S_03F1651N,01F1621S,03F1651N,"202,120,222,023,202,000,000,000",2021/6/22,2026/6/11,1816,1816,0,,相同,相同,N,,
01F1621S_03F1710S,01F1621S,03F1710S,"202,120,222,023,202,000,000,000",2021/6/22,2026/6/11,1816,1816,0,,相同,相同,N,,
01F1664N_01F1621N,01F1664N,01F1621N,"202,120,222,023,202,000,000,000",2021/6/22,2026/6/11,1816,1816,0,,相同,相同,N,,
01F1664N_03F1651N,01F1664N,03F1651N,"202,120,222,023,202,000,000,000",2021/6/22,2026/6/11,1816,1816,0,,相同,相同,N,,
01F1664N_03F1710S,01F1664N,03F1710S,"202,120,222,023,202,000,000,000",2021/6/22,2026/6/11,1816,1816,0,,相同,相同,N,,
01F1664S_01F1699S,01F1664S,01F1699S,"202,120,222,023,202,000,000,000",2021/6/22,2026/6/11,1816,1816,0,,相同,相同,N,,
01F1699N_01F1664N,01F1699N,01F1664N,"202,120,222,023,202,000,000,000",2021/6/22,2026/6/11,1816,1816,0,,相同,相同,N,,
01F1699S_01F1774S,01F1699S,01F1774S,"202,120,222,023,202,000,000,000",2021/6/22,2026/6/11,1816,1816,0,,相同,相同,N,,
01F1774N_01F1699N,01F1774N,01F1699N,"202,120,222,023,202,000,000,000",2021/6/22,2026/6/11,1816,1816,0,,相同,相同,N,,
01F1774S_01F1802S,01F1774S,01F1802S,"202,120,222,023,202,000,000,000",2021/6/22,2026/6/11,1816,1816,0,,相同,相同,N,,
01F1802N_01F1774N,01F1802N,01F1774N,"202,120,222,023,202,000,000,000",2021/6/22,2026/6/11,1816,1816,0,,相同,相同,N,,
01F1802S_01F1839S,01F1802S,01F1839S,"202,120,222,023,202,000,000,000",2021/6/22,2026/6/11,1816,1816,0,,相同,相同,N,,
01F1839N_01F1802N,01F1839N,01F1802N,"202,120,222,023,202,000,000,000",2021/6/22,2026/6/11,1816,1816,0,,相同,相同,N,,
01F1839S_01F1906S,01F1839S,01F1906S,"202,120,222,023,202,000,000,000",2021/6/22,2026/6/11,1816,1816,0,,相同,相同,N,,
01F1906N_01F1839N,01F1906N,01F1839N,"202,120,222,023,202,000,000,000",2021/6/22,2026/6/11,1816,1816,0,,相同,相同,N,,
01F1906S_01F1960S,01F1906S,01F1960S,"202,120,222,023,202,000,000,000",2021/6/22,2026/6/11,1816,1816,0,,相同,相同,N,,
01F1906S_03F1941N,01F1906S,03F1941N,"202,120,222,023,202,000,000,000",2021/6/22,2026/6/11,1816,1816,0,,相同,相同,N,,
01F1906S_03F1991S,01F1906S,03F1991S,"202,120,222,023,202,000,000,000",2021/6/22,2026/6/11,1816,1816,0,,相同,相同,N,,
01F1960N_01F1906N,01F1960N,01F1906N,"202,120,222,023,202,000,000,000",2021/6/22,2026/6/11,1816,1816,0,,相同,相同,N,,
01F1960N_03F1941N,01F1960N,03F1941N,"202,120,222,023,202,000,000,000",2021/6/22,2026/6/11,1816,1816,0,,相同,相同,N,,
01F1960N_03F1991S,01F1960N,03F1991S,"202,120,222,023,202,000,000,000",2021/6/22,2026/6/11,1816,1816,0,,相同,相同,N,,
01F1960S_01F2011S,01F1960S,01F2011S,"202,120,222,023,202,000,000,000",2021/6/22,2026/6/11,1816,1816,0,,相同,相同,N,,
01F2011N_01F1960N,01F2011N,01F1960N,"202,120,222,023,202,000,000,000",2021/6/22,2026/6/11,1816,1816,0,,相同,相同,N,,
01F2011S_01F2089S,01F2011S,01F2089S,"202,120,222,023,202,000,000,000",2021/6/22,2026/6/11,1816,1816,0,,相同,相同,N,,
01F2011S_03F2194N,01F2011S,03F2194N,"20,252,026",2025/5/23,2026/6/11,385,385,0,,比最早晚(2025-05-23 vs 2021-06-22),相同,N,新,
01F2011S_03F2235S,01F2011S,03F2235S,"20,252,026",2025/5/23,2026/6/11,385,385,0,,比最早晚(2025-05-23 vs 2021-06-22),相同,N,新,
01F2089N_01F2011N,01F2089N,01F2011N,"202,120,222,023,202,000,000,000",2021/6/22,2026/6/11,1816,1816,0,,相同,相同,N,,
01F2089N_03F2194N,01F2089N,03F2194N,"20,252,026",2025/5/23,2026/6/11,385,385,0,,比最早晚(2025-05-23 vs 2021-06-22),相同,N,新,
01F2089N_03F2235S,01F2089N,03F2235S,"20,252,026",2025/5/23,2026/6/11,385,385,0,,比最早晚(2025-05-23 vs 2021-06-22),相同,N,新,
01F2089S_01F2156S,01F2089S,01F2156S,"202,120,222,023,202,000,000,000",2021/6/22,2026/6/11,1816,1816,0,,相同,相同,N,,
01F2156N_01F2089N,01F2156N,01F2089N,"202,120,222,023,202,000,000,000",2021/6/22,2026/6/11,1816,1816,0,,相同,相同,N,,
01F2156S_01F2249S,01F2156S,01F2249S,"202,120,222,023,202,000,000,000",2021/6/22,2026/6/11,1816,1816,0,,相同,相同,N,,
01F2249N_01F2156N,01F2249N,01F2156N,"202,120,222,023,202,000,000,000",2021/6/22,2026/6/11,1816,1816,0,,相同,相同,N,,
01F2249S_01F2322S,01F2249S,01F2322S,"202,120,222,023,202,000,000,000",2021/6/22,2026/6/11,1816,1816,0,,相同,相同,N,,
01F2322N_01F2249N,01F2322N,01F2249N,"202,120,222,023,202,000,000,000",2021/6/22,2026/6/11,1816,1816,0,,相同,相同,N,,
01F2322S_01F2394S,01F2322S,01F2394S,"202,120,222,023,202,000,000,000",2021/6/22,2026/6/11,1816,1816,0,,相同,相同,N,,
01F2394N_01F2322N,01F2394N,01F2322N,"202,120,222,023,202,000,000,000",2021/6/22,2026/6/11,1816,1816,0,,相同,相同,N,,
01F2394S_01F2425S,01F2394S,01F2425S,"202,120,222,023,202,000,000,000",2021/6/22,2026/6/11,1816,1816,0,,相同,相同,N,,
01F2425N_01F2394N,01F2425N,01F2394N,"202,120,222,023,202,000,000,000",2021/6/22,2026/6/11,1816,1816,0,,相同,相同,N,,
01F2425S_01F2472S,01F2425S,01F2472S,"20,222,023,202,420,200,000",2022/4/11,2026/6/11,1523,1523,0,,比最早晚(2022-04-11 vs 2021-06-22),相同,N,合併12,01F2425S_01F2472S
01F2425S_01F2483S,01F2425S,01F2483S,"20,212,022",2021/6/22,2022/4/10,293,293,0,,相同,比最晚早(2022-04-10 vs 2026-06-11),N,合併12,01F2425S_01F2472S
01F2425S_03F2614N,01F2425S,03F2614N,"20,252,026",2025/5/23,2026/6/11,385,385,0,,比最早晚(2025-05-23 vs 2021-06-22),相同,N,新,
01F2425S_03F2709S,01F2425S,03F2709S,"20,252,026",2025/5/23,2026/6/11,385,385,0,,比最早晚(2025-05-23 vs 2021-06-22),相同,N,新,
01F2472N_01F2425N,01F2472N,01F2425N,"20,222,023,202,420,200,000",2022/4/11,2026/6/11,1523,1523,0,,比最早晚(2022-04-11 vs 2021-06-22),相同,N,合併14,01F2472N_01F2425N
01F2472N_03F2614N,01F2472N,03F2614N,"20,252,026",2025/5/23,2026/6/11,385,385,0,,比最早晚(2025-05-23 vs 2021-06-22),相同,N,新,
01F2472N_03F2709S,01F2472N,03F2709S,"20,252,026",2025/5/23,2026/6/11,385,385,0,,比最早晚(2025-05-23 vs 2021-06-22),相同,N,新,
01F2472S_01F2514S,01F2472S,01F2514S,"20,222,023,202,420,200,000",2022/4/11,2026/6/11,1523,1523,0,,比最早晚(2022-04-11 vs 2021-06-22),相同,N,合併15,01F2472S_01F2514S
01F2483N_01F2425N,01F2483N,01F2425N,"20,212,022",2021/6/22,2022/4/10,293,293,0,,相同,比最晚早(2022-04-10 vs 2026-06-11),N,合併14,01F2472N_01F2425N
01F2483S_01F2514S,01F2483S,01F2514S,"20,212,022",2021/6/22,2022/4/10,293,293,0,,相同,比最晚早(2022-04-10 vs 2026-06-11),N,合併15,01F2472S_01F2514S
01F2514N_01F2472N,01F2514N,01F2472N,"20,222,023,202,420,200,000",2022/4/11,2026/6/11,1523,1523,0,,比最早晚(2022-04-11 vs 2021-06-22),相同,N,合併16,01F2514N_01F2472N
01F2514N_01F2483N,01F2514N,01F2483N,"20,212,022",2021/6/22,2022/4/10,293,293,0,,相同,比最晚早(2022-04-10 vs 2026-06-11),N,合併16,01F2514N_01F2472N
01F2514S_01F2603S,01F2514S,01F2603S,"202,120,222,023,202,000,000,000",2021/6/22,2026/6/11,1816,1816,0,,相同,相同,N,,
01F2603N_01F2514N,01F2603N,01F2514N,"202,120,222,023,202,000,000,000",2021/6/22,2026/6/11,1816,1816,0,,相同,相同,N,,
01F2603S_01F2674S,01F2603S,01F2674S,"202,120,222,023,202,000,000,000",2021/6/22,2026/6/11,1816,1816,0,,相同,相同,N,,
01F2674N_01F2603N,01F2674N,01F2603N,"202,120,222,023,202,000,000,000",2021/6/22,2026/6/11,1816,1816,0,,相同,相同,N,,
01F2674S_01F2714S,01F2674S,01F2714S,"202,120,222,023,202,000,000,000",2021/6/22,2026/6/11,1816,1816,0,,相同,相同,N,,
01F2714N_01F2674N,01F2714N,01F2674N,"202,120,222,023,202,000,000,000",2021/6/22,2026/6/11,1816,1816,0,,相同,相同,N,,
01F2714S_01F2827S,01F2714S,01F2827S,"202,120,222,023,202,000,000,000",2021/6/22,2026/6/11,1816,1816,0,,相同,相同,N,,
01F2714S_03F2985N,01F2714S,03F2985N,"20,252,026",2025/5/23,2026/6/11,385,385,0,,比最早晚(2025-05-23 vs 2021-06-22),相同,N,新,
01F2714S_03F3101S,01F2714S,03F3101S,"20,252,026",2025/5/23,2026/6/11,385,385,0,,比最早晚(2025-05-23 vs 2021-06-22),相同,N,新,
01F2827N_01F2714N,01F2827N,01F2714N,"202,120,222,023,202,000,000,000",2021/6/22,2026/6/11,1816,1816,0,,相同,相同,N,,
01F2827N_03F2985N,01F2827N,03F2985N,"20,252,026",2025/5/23,2026/6/11,385,385,0,,比最早晚(2025-05-23 vs 2021-06-22),相同,N,新,
01F2827N_03F3101S,01F2827N,03F3101S,"20,252,026",2025/5/23,2026/6/11,385,385,0,,比最早晚(2025-05-23 vs 2021-06-22),相同,N,新,
01F2827S_01F2866S,01F2827S,01F2866S,"202,120,222,023,202,000,000,000",2021/6/22,2026/6/11,1816,1816,0,,相同,相同,N,,
01F2866N_01F2827N,01F2866N,01F2827N,"202,120,222,023,202,000,000,000",2021/6/22,2026/6/11,1816,1816,0,,相同,相同,N,,
01F2866S_01F2930S,01F2866S,01F2930S,"202,120,222,023,202,000,000,000",2021/6/22,2026/6/11,1816,1816,0,,相同,相同,N,,
01F2930N_01F2866N,01F2930N,01F2866N,"202,120,222,023,202,000,000,000",2021/6/22,2026/6/11,1816,1816,0,,相同,相同,N,,
01F2930S_01F3019S,01F2930S,01F3019S,"202,120,222,023,202,000,000,000",2021/6/22,2026/6/11,1816,1816,0,,相同,相同,N,,
01F2930S_03F3307N,01F2930S,03F3307N,"20,252,026",2025/5/23,2026/6/11,385,385,0,,比最早晚(2025-05-23 vs 2021-06-22),相同,N,新,
01F2930S_03F3392S,01F2930S,03F3392S,"20,252,026",2025/5/23,2026/6/11,385,385,0,,比最早晚(2025-05-23 vs 2021-06-22),相同,N,新,
01F3019N_01F2930N,01F3019N,01F2930N,"202,120,222,023,202,000,000,000",2021/6/22,2026/6/11,1816,1816,0,,相同,相同,N,,
01F3019N_03F3307N,01F3019N,03F3307N,"20,252,026",2025/5/23,2026/6/11,385,385,0,,比最早晚(2025-05-23 vs 2021-06-22),相同,N,新,
01F3019N_03F3392S,01F3019N,03F3392S,"20,252,026",2025/5/23,2026/6/11,385,385,0,,比最早晚(2025-05-23 vs 2021-06-22),相同,N,新,
01F3019S_01F3083S,01F3019S,01F3083S,"202,120,222,023,202,000,000,000",2021/6/22,2026/6/11,1816,1816,0,,相同,相同,N,,
01F3083N_01F3019N,01F3083N,01F3019N,"202,120,222,023,202,000,000,000",2021/6/22,2026/6/11,1816,1816,0,,相同,相同,N,,
01F3083S_01F3126S,01F3083S,01F3126S,"202,120,222,023,202,000,000,000",2021/6/22,2026/6/11,1816,1816,0,,相同,相同,N,,
01F3126N_01F3083N,01F3126N,01F3083N,"202,120,222,023,202,000,000,000",2021/6/22,2026/6/11,1816,1816,0,,相同,相同,N,,
01F3126S_01F3185S,01F3126S,01F3185S,"202,120,222,023,202,000,000,000",2021/6/22,2026/6/11,1816,1816,0,,相同,相同,N,,
01F3126S_03F3445N,01F3126S,03F3445N,"202,120,222,023,202,000,000,000",2021/6/22,2026/6/11,1816,1816,0,,相同,相同,N,,
01F3126S_03F3496S,01F3126S,03F3496S,"202,120,222,023,202,000,000,000",2021/6/22,2026/6/11,1816,1816,0,,相同,相同,N,,
01F3185N_01F3126N,01F3185N,01F3126N,"202,120,222,023,202,000,000,000",2021/6/22,2026/6/11,1816,1816,0,,相同,相同,N,,
01F3185N_03F3445N,01F3185N,03F3445N,"202,120,222,023,202,000,000,000",2021/6/22,2026/6/11,1816,1816,0,,相同,相同,N,,
01F3185N_03F3496S,01F3185N,03F3496S,"202,120,222,023,202,000,000,000",2021/6/22,2026/6/11,1816,1816,0,,相同,相同,N,,
01F3185S_01F3227S,01F3185S,01F3227S,"202,120,222,023,202,000,000,000",2021/6/22,2026/6/11,1816,1816,0,,相同,相同,N,,
01F3227N_01F3185N,01F3227N,01F3185N,"202,120,222,023,202,000,000,000",2021/6/22,2026/6/11,1816,1816,0,,相同,相同,N,,
01F3227S_01F3252S,01F3227S,01F3252S,"202,120,222,023,202,000,000,000",2021/6/22,2026/6/11,1816,1816,0,,相同,相同,N,,
01F3252N_01F3227N,01F3252N,01F3227N,"202,120,222,023,202,000,000,000",2021/6/22,2026/6/11,1816,1816,0,,相同,相同,N,,
01F3252S_01F3286S,01F3252S,01F3286S,"202,120,222,023,202,000,000,000",2021/6/22,2026/6/11,1816,1816,0,,相同,相同,N,,
01F3286N_01F3252N,01F3286N,01F3252N,"202,120,222,023,202,000,000,000",2021/6/22,2026/6/11,1816,1816,0,,相同,相同,N,,
01F3286S_01F3366S,01F3286S,01F3366S,"202,120,222,023,202,000,000,000",2021/6/22,2026/6/11,1816,1816,0,,相同,相同,N,,
01F3366N_01F3286N,01F3366N,01F3286N,"202,120,222,023,202,000,000,000",2021/6/22,2026/6/11,1816,1816,0,,相同,相同,N,,
01F3366S_01F3398S,01F3366S,01F3398S,"202,120,222,023,202,000,000,000",2021/6/22,2026/6/11,1816,1816,0,,相同,相同,N,,
01F3398N_01F3366N,01F3398N,01F3366N,"202,120,222,023,202,000,000,000",2021/6/22,2026/6/11,1816,1816,0,,相同,相同,N,,
01F3398S_01F3460S,01F3398S,01F3460S,"202,120,222,023,202,000,000,000",2021/6/22,2026/6/11,1816,1816,0,,相同,相同,N,,
01F3460N_01F3398N,01F3460N,01F3398N,"202,120,222,023,202,000,000,000",2021/6/22,2026/6/11,1816,1816,0,,相同,相同,N,,
01F3460S_01F3525S,01F3460S,01F3525S,"2,021,202,220,232,020",2021/6/22,2024/1/14,937,937,0,,相同,比最晚早(2024-01-14 vs 2026-06-11),N,合併17,01F3460S_01F3535S
01F3460S_01F3535S,01F3460S,01F3535S,"202,420,252,026",2024/1/15,2026/6/11,879,879,0,,比最早晚(2024-01-15 vs 2021-06-22),相同,N,合併17,01F3460S_01F3535S
01F3525N_01F3460N,01F3525N,01F3460N,"2,021,202,220,232,020",2021/6/22,2024/1/14,937,937,0,,相同,比最晚早(2024-01-14 vs 2026-06-11),N,合併18,01F3535N_01F3460N
01F3525S_01F3561S,01F3525S,01F3561S,"2,021,202,220,232,020",2021/6/22,2024/1/14,937,937,0,,相同,比最晚早(2024-01-14 vs 2026-06-11),N,合併19,01F3535S_01F3561S
01F3535N_01F3460N,01F3535N,01F3460N,"202,420,252,026",2024/1/15,2026/6/11,879,879,0,,比最早晚(2024-01-15 vs 2021-06-22),相同,N,合併18,01F3535N_01F3460N
01F3535S_01F3561S,01F3535S,01F3561S,"202,420,252,026",2024/1/15,2026/6/11,879,879,0,,比最早晚(2024-01-15 vs 2021-06-22),相同,N,合併19,01F3535S_01F3561S
01F3559N_01F3525N,01F3559N,01F3525N,"2,021,202,220,232,020",2021/6/22,2024/1/14,937,937,0,,相同,比最晚早(2024-01-14 vs 2026-06-11),N,合併20,01F3559N_01F3535N
01F3559N_01F3535N,01F3559N,01F3535N,"202,420,252,026",2024/1/15,2026/6/11,879,879,0,,比最早晚(2024-01-15 vs 2021-06-22),相同,N,合併20,01F3559N_01F3535N
01F3561S_01F3590S,01F3561S,01F3590S,"202,120,222,023,202,000,000,000",2021/6/22,2026/6/11,1816,1816,0,,相同,相同,N,,
01F3590N_01F3559N,01F3590N,01F3559N,"202,120,222,023,202,000,000,000",2021/6/22,2026/6/11,1816,1816,0,,相同,相同,N,,
01F3590S_01F3640S,01F3590S,01F3640S,"202,120,222,023,202,000,000,000",2021/6/22,2026/6/11,1816,1816,0,,相同,相同,N,,
01F3590S_03F3743N,01F3590S,03F3743N,"202,120,222,023,202,000,000,000",2021/6/22,2026/6/11,1816,1816,0,,相同,相同,N,,
01F3590S_03F3854S,01F3590S,03F3854S,"202,120,222,023,202,000,000,000",2021/6/22,2026/6/11,1816,1816,0,,相同,相同,N,,
01F3640N_01F3590N,01F3640N,01F3590N,"202,120,222,023,202,000,000,000",2021/6/22,2026/6/11,1816,1816,0,,相同,相同,N,,
01F3640N_03F3743N,01F3640N,03F3743N,"202,120,222,023,202,000,000,000",2021/6/22,2026/6/11,1816,1816,0,,相同,相同,N,,
01F3640N_03F3854S,01F3640N,03F3854S,"202,120,222,023,202,000,000,000",2021/6/22,2026/6/11,1816,1816,0,,相同,相同,N,,
01F3640S_01F3676S,01F3640S,01F3676S,"202,120,222,023,202,000,000,000",2021/6/22,2026/6/11,1816,1816,0,,相同,相同,N,,
01F3676N_01F3640N,01F3676N,01F3640N,"202,120,222,023,202,000,000,000",2021/6/22,2026/6/11,1816,1816,0,,相同,相同,N,,
01F3676S_01F3686S,01F3676S,01F3686S,"202,120,222,023,202,000,000,000",2021/6/22,2026/6/11,1816,1816,0,,相同,相同,N,,
01F3686S_01F3736S,01F3686S,01F3736S,"202,120,222,023,202,000,000,000",2021/6/22,2026/6/11,1816,1816,0,,相同,相同,N,,
01F3696N_01F3676N,01F3696N,01F3676N,"202,120,222,023,202,000,000,000",2021/6/22,2026/6/11,1816,1816,0,,相同,相同,N,,
01F3736N_01F3696N,01F3736N,01F3696N,"202,120,222,023,202,000,000,000",2021/6/22,2026/6/11,1816,1816,0,,相同,相同,N,,
01H0163S_01H0206S,01H0163S,01H0206S,"202,120,222,023,202,000,000,000",2021/6/22,2026/6/11,1816,1816,0,,相同,相同,N,,
01H0174N_01F0099N,01H0174N,01F0099N,"202,120,222,023,202,000,000,000",2021/6/22,2026/6/11,1816,1816,0,,相同,相同,N,,
01H0174N_03F0054N,01H0174N,03F0054N,"202,120,222,023,202,000,000,000",2021/6/22,2026/6/11,1816,1816,0,,相同,相同,N,,
01H0174N_03F0116S,01H0174N,03F0116S,"202,120,222,023,202,000,000,000",2021/6/22,2026/6/11,1816,1816,0,,相同,相同,N,,
01H0200N_01H0174N,01H0200N,01H0174N,"202,120,222,023,202,000,000,000",2021/6/22,2026/6/11,1816,1816,0,,相同,相同,N,,
01H0206S_01H0305S,01H0206S,01H0305S,"202,120,222,023,202,000,000,000",2021/6/22,2026/6/11,1816,1816,0,,相同,相同,N,,
01H0208N_01H0200N,01H0208N,01H0200N,"202,120,222,023,202,000,000,000",2021/6/22,2026/6/11,1816,1816,0,,相同,相同,N,,
01H0271N_01H0208N,01H0271N,01H0208N,"202,120,222,023,202,000,000,000",2021/6/22,2026/6/11,1816,1816,0,,相同,相同,N,,
01H0305S_01F0339S,01H0305S,01F0339S,"202,120,222,023,202,000,000,000",2021/6/22,2026/6/11,1816,1816,0,,相同,相同,N,,
01H0305S_01H0334S,01H0305S,01H0334S,"202,120,222,023,202,000,000,000",2021/6/22,2026/6/11,1816,1816,0,,相同,相同,N,,
01H0333N_01H0271N,01H0333N,01H0271N,"202,120,222,023,202,000,000,000",2021/6/22,2026/6/11,1816,1816,0,,相同,相同,N,,
01H0334S_01H0447S,01H0334S,01H0447S,"202,120,222,023,202,000,000,000",2021/6/22,2026/6/11,1816,1816,0,,相同,相同,N,,
01H0447N_01F0339N,01H0447N,01F0339N,"202,120,222,023",2021/6/22,2023/4/25,673,673,0,,相同,比最晚早(2023-04-25 vs 2026-06-11),N,合併21,01H0447N_01F0340N
01H0447N_01F0340N,01H0447N,01F0340N,"2,023,202,420,252,020",2023/4/26,2026/6/11,1143,1143,0,,比最早晚(2023-04-26 vs 2021-06-22),相同,N,合併21,01H0447N_01F0340N
01H0447N_01H0333N,01H0447N,01H0333N,"202,120,222,023,202,000,000,000",2021/6/22,2026/6/11,1816,1816,0,,相同,相同,N,,
01H0447S_01H0579S,01H0447S,01H0579S,"202,120,222,023,202,000,000,000",2021/6/22,2026/6/11,1816,1816,0,,相同,相同,N,,
01H0579N_01H0447N,01H0579N,01H0447N,"202,120,222,023,202,000,000,000",2021/6/22,2026/6/11,1816,1816,0,,相同,相同,N,,
01H0579S_01F0633S,01H0579S,01F0633S,"202,120,222,023,202,000,000,000",2021/6/22,2026/6/11,1816,1816,0,,相同,相同,N,,
01H0579S_01H0610S,01H0579S,01H0610S,"202,120,222,023,202,000,000,000",2021/6/22,2026/6/11,1816,1816,0,,相同,相同,N,,
01H0608N_01F0584N,01H0608N,01F0584N,"202,120,222,023,202,000,000,000",2021/6/22,2026/6/11,1816,1816,0,,相同,相同,N,,
01H0608N_01H0579N,01H0608N,01H0579N,"202,120,222,023,202,000,000,000",2021/6/22,2026/6/11,1816,1816,0,,相同,相同,N,,
01H0610S_01F0750S,01H0610S,01F0750S,"202,120,222,023,202,000,000,000",2021/6/22,2026/6/11,1816,1816,0,,相同,相同,N,,
03A0015S_03A0041S,03A0015S,03A0041S,"202,120,222,023,202,000,000,000",2021/6/22,2026/6/11,1816,1816,0,,相同,相同,N,,
03A0041N_03A0015N,03A0041N,03A0015N,"202,120,222,023,202,000,000,000",2021/6/22,2026/6/11,1816,1816,0,,相同,相同,N,,
03A0041S_03F0201N,03A0041S,03F0201N,"202,120,222,023,202,000,000,000",2021/6/22,2026/6/11,1816,1816,0,,相同,相同,N,,
03A0041S_03F0217S,03A0041S,03F0217S,"202,120,222,023,202,000,000,000",2021/6/22,2026/6/11,1816,1816,0,,相同,相同,N,,
03F0006S_01F0061S,03F0006S,01F0061S,"20,252,026",2025/5/23,2026/6/11,385,385,0,,比最早晚(2025-05-23 vs 2021-06-22),相同,N,新,
03F0006S_03F0087S,03F0006S,03F0087S,"202,120,222,023,202,000,000,000",2021/6/22,2026/6/11,1816,1816,0,,相同,相同,N,,
03F0054N_01F0061S,03F0054N,01F0061S,"20,252,026",2025/5/23,2026/6/11,385,385,0,,比最早晚(2025-05-23 vs 2021-06-22),相同,N,新,
03F0054N_03F0021N,03F0054N,03F0021N,"202,120,222,023,202,000,000,000",2021/6/22,2026/6/11,1816,1816,0,,相同,相同,N,,
03F0087S_01F0099N,03F0087S,01F0099N,"202,120,222,023,202,000,000,000",2021/6/22,2026/6/11,1816,1816,0,,相同,相同,N,,
03F0087S_01F0147S,03F0087S,01F0147S,"202,120,222,023,202,000,000,000",2021/6/22,2026/6/11,1816,1816,0,,相同,相同,N,,
03F0087S_01H0163S,03F0087S,01H0163S,"202,120,222,023,202,000,000,000",2021/6/22,2026/6/11,1816,1816,0,,相同,相同,N,,
03F0087S_03F0116S,03F0087S,03F0116S,"202,120,222,023,202,000,000,000",2021/6/22,2026/6/11,1816,1816,0,,相同,相同,N,,
03F0116N_01F0099N,03F0116N,01F0099N,"202,120,222,023,202,000,000,000",2021/6/22,2026/6/11,1816,1816,0,,相同,相同,N,,
03F0116N_01F0147S,03F0116N,01F0147S,"202,120,222,023,202,000,000,000",2021/6/22,2026/6/11,1816,1816,0,,相同,相同,N,,
03F0116N_01H0163S,03F0116N,01H0163S,"202,120,222,023,202,000,000,000",2021/6/22,2026/6/11,1816,1816,0,,相同,相同,N,,
03F0116N_03F0054N,03F0116N,03F0054N,"202,120,222,023,202,000,000,000",2021/6/22,2026/6/11,1816,1816,0,,相同,相同,N,,
03F0116S_03F0136S,03F0116S,03F0136S,"202,120,222,023,202,000,000,000",2021/6/22,2026/6/11,1816,1816,0,,相同,相同,N,,
03F0136S_03F0158S,03F0136S,03F0158S,"202,120,222,023,202,000,000,000",2021/6/22,2026/6/11,1816,1816,0,,相同,相同,N,,
03F0140N_03F0116N,03F0140N,03F0116N,"202,120,222,023,202,000,000,000",2021/6/22,2026/6/11,1816,1816,0,,相同,相同,N,,
03F0150N_03F0140N,03F0150N,03F0140N,"202,120,222,023,202,000,000,000",2021/6/22,2026/6/11,1816,1816,0,,相同,相同,N,,
03F0158S_03F0201S,03F0158S,03F0201S,"202,120,222,023,202,000,000,000",2021/6/22,2026/6/11,1816,1816,0,,相同,相同,N,,
03F0158S_05F0000S,03F0158S,05F0000S,"202,120,222,023,202,000,000,000",2021/6/22,2026/6/11,1816,1816,0,,相同,相同,N,,
03F0201N_03F0150N,03F0201N,03F0150N,"202,120,222,023,202,000,000,000",2021/6/22,2026/6/11,1816,1816,0,,相同,相同,N,,
03F0201N_05F0000S,03F0201N,05F0000S,"202,120,222,023,202,000,000,000",2021/6/22,2026/6/11,1816,1816,0,,相同,相同,N,,
03F0201S_03A0041N,03F0201S,03A0041N,"202,120,222,023,202,000,000,000",2021/6/22,2026/6/11,1816,1816,0,,相同,相同,N,,
03F0201S_03F0217S,03F0201S,03F0217S,"202,120,222,023,202,000,000,000",2021/6/22,2026/6/11,1816,1816,0,,相同,相同,N,,
03F0217N_03A0041N,03F0217N,03A0041N,"202,120,222,023,202,000,000,000",2021/6/22,2026/6/11,1816,1816,0,,相同,相同,N,,
03F0217N_03F0201N,03F0217N,03F0201N,"202,120,222,023,202,000,000,000",2021/6/22,2026/6/11,1816,1816,0,,相同,相同,N,,
03F0217S_03F0301S,03F0217S,03F0301S,"202,120,222,023,202,000,000,000",2021/6/22,2026/6/11,1816,1816,0,,相同,相同,N,,
03F0301N_03F0217N,03F0301N,03F0217N,"202,120,222,023,202,000,000,000",2021/6/22,2026/6/11,1816,1816,0,,相同,相同,N,,
03F0301S_03F0337S,03F0301S,03F0337S,"202,120,222,023,202,000,000,000",2021/6/22,2026/6/11,1816,1816,0,,相同,相同,N,,
03F0337S_03F0385S,03F0337S,03F0385S,"20,252,026",2025/11/11,2026/6/11,213,213,0,,比最早晚(2025-11-11 vs 2021-06-22),相同,N,合併22,03F0337S_03F0385S
03F0337S_03F0394S,03F0337S,03F0394S,"20,212,022,202,320,200,000",2021/6/22,2025/11/10,1603,1603,0,,相同,比最晚早(2025-11-10 vs 2026-06-11),N,合併22,03F0337S_03F0385S
03F0338N_03F0301N,03F0338N,03F0301N,"202,120,222,023,202,000,000,000",2021/6/22,2026/6/11,1816,1816,0,,相同,相同,N,,
03F0385N_03F0338N,03F0385N,03F0338N,"20,252,026",2025/11/11,2026/6/11,213,213,0,,比最早晚(2025-11-11 vs 2021-06-22),相同,N,合併23,03F0385N_03F0338N
03F0385S_03F0447S,03F0385S,03F0447S,"20,252,026",2025/11/11,2026/6/11,213,213,0,,比最早晚(2025-11-11 vs 2021-06-22),相同,N,合併24,03F0385S_03F0447S
03F0394N_03F0338N,03F0394N,03F0338N,"20,212,022,202,320,200,000",2021/6/22,2025/11/10,1603,1603,0,,相同,比最晚早(2025-11-10 vs 2026-06-11),N,合併23,03F0385N_03F0338N
03F0394S_03F0447S,03F0394S,03F0447S,"20,212,022,202,320,200,000",2021/6/22,2025/11/10,1603,1603,0,,相同,比最晚早(2025-11-10 vs 2026-06-11),N,合併24,03F0385S_03F0447S
03F0447N_03F0385N,03F0447N,03F0385N,"20,252,026",2025/11/11,2026/6/11,213,213,0,,比最早晚(2025-11-11 vs 2021-06-22),相同,N,合併25,03F0447N_03F0385N
03F0447N_03F0394N,03F0447N,03F0394N,"20,212,022,202,320,200,000",2021/6/22,2025/11/10,1603,1603,0,,相同,比最晚早(2025-11-10 vs 2026-06-11),N,合併25,03F0447N_03F0385N
03F0447S_03F0498S,03F0447S,03F0498S,"202,120,222,023,202,000,000,000",2021/6/22,2026/6/11,1816,1816,0,,相同,相同,N,,
03F0498N_03F0447N,03F0498N,03F0447N,"202,120,222,023,202,000,000,000",2021/6/22,2026/6/11,1816,1816,0,,相同,相同,N,,
03F0498S_03F0525S,03F0498S,03F0525S,"202,120,222,023,202,000,000,000",2021/6/22,2026/6/11,1816,1816,0,,相同,相同,N,,
03F0525N_03F0498N,03F0525N,03F0498N,"202,120,222,023,202,000,000,000",2021/6/22,2026/6/11,1816,1816,0,,相同,相同,N,,
03F0525S_01F0511N,03F0525S,01F0511N,"202,120,222,023,202,000,000,000",2021/6/22,2026/6/11,1816,1816,0,,相同,相同,N,,
03F0525S_01F0532S,03F0525S,01F0532S,"202,120,222,023,202,000,000,000",2021/6/22,2026/6/11,1816,1816,0,,相同,相同,N,,
03F0525S_03F0559S,03F0525S,03F0559S,"202,120,222,023,202,000,000,000",2021/6/22,2026/6/11,1816,1816,0,,相同,相同,N,,
03F0559N_01F0511N,03F0559N,01F0511N,"202,120,222,023,202,000,000,000",2021/6/22,2026/6/11,1816,1816,0,,相同,相同,N,,
03F0559N_01F0532S,03F0559N,01F0532S,"202,120,222,023,202,000,000,000",2021/6/22,2026/6/11,1816,1816,0,,相同,相同,N,,
03F0559N_03F0525N,03F0559N,03F0525N,"202,120,222,023,202,000,000,000",2021/6/22,2026/6/11,1816,1816,0,,相同,相同,N,,
03F0559S_03F0648S,03F0559S,03F0648S,"202,120,222,023,202,000,000,000",2021/6/22,2026/6/11,1816,1816,0,,相同,相同,N,,
03F0648N_03F0559N,03F0648N,03F0559N,"202,120,222,023,202,000,000,000",2021/6/22,2026/6/11,1816,1816,0,,相同,相同,N,,
03F0648S_03F0698S,03F0648S,03F0698S,"202,120,222,023,202,000,000,000",2021/6/22,2026/6/11,1816,1816,0,,相同,相同,N,,
03F0698N_03F0648N,03F0698N,03F0648N,"202,120,222,023,202,000,000,000",2021/6/22,2026/6/11,1816,1816,0,,相同,相同,N,,
03F0698S_03F0698N,03F0698S,03F0698N,2021,2021/6/22,2021/6/26,5,5,0,,相同,比最晚早(2021-06-26 vs 2026-06-11),N,服務區,
03F0698S_03F0746S,03F0698S,03F0746S,"202,120,222,023,202,000,000,000",2021/6/27,2026/6/11,1811,1811,0,,比最早晚(2021-06-27 vs 2021-06-22),相同,N,合併26,03F0698S_03F0746S
03F0698S_03F0783S,03F0698S,03F0783S,2021,2021/6/22,2021/6/26,5,5,0,,相同,比最晚早(2021-06-26 vs 2026-06-11),N,合併26,03F0698S_03F0746S
03F0746N_03F0698N,03F0746N,03F0698N,"202,120,222,023,202,000,000,000",2021/6/27,2026/6/11,1811,1811,0,,比最早晚(2021-06-27 vs 2021-06-22),相同,N,不動,
03F0746S_03F0746N,03F0746S,03F0746N,"20,212,022,202,320,200,000",2021/6/27,2025/5/22,1426,1426,0,,比最早晚(2021-06-27 vs 2021-06-22),比最晚早(2025-05-22 vs 2026-06-11),N,服務區,
03F0746S_03F0783S,03F0746S,03F0783S,"202,120,222,023,202,000,000,000",2021/6/27,2026/6/11,1811,1811,0,,比最早晚(2021-06-27 vs 2021-06-22),相同,N,不動,
03F0783N_03F0698N,03F0783N,03F0698N,2021,2021/6/22,2021/6/26,5,5,0,,相同,比最晚早(2021-06-26 vs 2026-06-11),N,合併27,03F0783N_03F0746N
03F0783N_03F0746N,03F0783N,03F0746N,"202,120,222,023,202,000,000,000",2021/6/27,2026/6/11,1811,1811,0,,比最早晚(2021-06-27 vs 2021-06-22),相同,N,合併27,03F0783N_03F0746N
03F0783N_03F0783S,03F0783N,03F0783S,"20,212,022,202,320,200,000",2021/6/22,2025/5/22,1431,1431,0,,相同,比最晚早(2025-05-22 vs 2026-06-11),N,服務區,
03F0783S_03F0846S,03F0783S,03F0846S,"202,120,222,023,202,000,000,000",2021/6/22,2026/6/11,1816,1816,0,,相同,相同,N,,
03F0846N_03F0783N,03F0846N,03F0783N,"202,120,222,023,202,000,000,000",2021/6/22,2026/6/11,1816,1816,0,,相同,相同,N,,
03F0846S_03F0961S,03F0846S,03F0961S,"202,120,222,023,202,000,000,000",2021/6/22,2026/6/11,1816,1816,0,,相同,相同,N,,
03F0961N_03F0846N,03F0961N,03F0846N,"202,120,222,023,202,000,000,000",2021/6/22,2026/6/11,1816,1816,0,,相同,相同,N,,
03F0961S_03F0996S,03F0961S,03F0996S,"202,120,222,023,202,000,000,000",2021/6/22,2026/6/11,1816,1816,0,,相同,相同,N,,
03F0996N_03F0961N,03F0996N,03F0961N,"202,120,222,023,202,000,000,000",2021/6/22,2026/6/11,1816,1816,0,,相同,相同,N,,
03F0996S_01F0979N,03F0996S,01F0979N,"202,120,222,023,202,000,000,000",2021/6/22,2026/6/11,1816,1816,0,,相同,相同,N,,
03F0996S_01F1045S,03F0996S,01F1045S,"202,120,222,023,202,000,000,000",2021/6/22,2026/6/11,1816,1816,0,,相同,相同,N,,
03F0996S_03F1022S,03F0996S,03F1022S,"202,120,222,023,202,000,000,000",2021/6/22,2026/6/11,1816,1816,0,,相同,相同,N,,
03F1022N_01F0979N,03F1022N,01F0979N,"202,120,222,023,202,000,000,000",2021/6/22,2026/6/11,1816,1816,0,,相同,相同,N,,
03F1022N_01F1045S,03F1022N,01F1045S,"202,120,222,023,202,000,000,000",2021/6/22,2026/6/11,1816,1816,0,,相同,相同,N,,
03F1022N_03F0996N,03F1022N,03F0996N,"202,120,222,023,202,000,000,000",2021/6/22,2026/6/11,1816,1816,0,,相同,相同,N,,
03F1022S_03F1051S,03F1022S,03F1051S,"202,120,222,023,202,000,000,000",2021/6/22,2026/6/11,1816,1816,0,,相同,相同,N,,
03F1051N_03F1022N,03F1051N,03F1022N,"202,120,222,023,202,000,000,000",2021/6/22,2026/6/11,1816,1816,0,,相同,相同,N,,
03F1051S_03F1128S,03F1051S,03F1128S,"202,120,222,023,202,000,000,000",2021/6/22,2026/6/11,1816,1816,0,,相同,相同,N,,
03F1128N_03F1051N,03F1128N,03F1051N,"202,120,222,023,202,000,000,000",2021/6/22,2026/6/11,1816,1816,0,,相同,相同,N,,
03F1128S_03F1161S,03F1128S,03F1161S,"202,120,222,023,202,000,000,000",2021/6/22,2026/6/11,1816,1816,0,,相同,相同,N,,
03F1161N_03F1128N,03F1161N,03F1128N,"202,120,222,023,202,000,000,000",2021/6/22,2026/6/11,1816,1816,0,,相同,相同,N,,
03F1161S_03F1215S,03F1161S,03F1215S,"202,120,222,023,202,000,000,000",2021/6/22,2026/6/11,1816,1816,0,,相同,相同,N,,
03F1215N_03F1161N,03F1215N,03F1161N,"202,120,222,023,202,000,000,000",2021/6/22,2026/6/11,1816,1816,0,,相同,相同,N,,
03F1215S_03F1257S,03F1215S,03F1257S,"202,120,222,023,202,000,000,000",2021/6/22,2026/6/11,1816,1816,0,,相同,相同,N,,
03F1257N_03F1215N,03F1257N,03F1215N,"202,120,222,023,202,000,000,000",2021/6/22,2026/6/11,1816,1816,0,,相同,相同,N,,
03F1257S_03F1332S,03F1257S,03F1332S,"202,120,222,023,202,000,000,000",2021/6/22,2026/6/11,1816,1816,0,,相同,相同,N,,
03F1332N_03F1257N,03F1332N,03F1257N,"202,120,222,023,202,000,000,000",2021/6/22,2026/6/11,1816,1816,0,,相同,相同,N,,
03F1332S_03F1395S,03F1332S,03F1395S,"202,120,222,023,202,000,000,000",2021/6/22,2026/6/11,1816,1816,0,,相同,相同,N,,
03F1395N_03F1332N,03F1395N,03F1332N,"202,120,222,023,202,000,000,000",2021/6/22,2026/6/11,1816,1816,0,,相同,相同,N,,
03F1395S_03F1485S,03F1395S,03F1485S,"202,120,222,023,202,000,000,000",2021/6/22,2026/6/11,1816,1816,0,,相同,相同,N,,
03F1485N_03F1395N,03F1485N,03F1395N,"202,120,222,023,202,000,000,000",2021/6/22,2026/6/11,1816,1816,0,,相同,相同,N,,
03F1485S_03F1633S,03F1485S,03F1633S,"202,120,222,023,202,000,000,000",2021/6/22,2026/6/11,1816,1816,0,,相同,相同,N,,
03F1633N_03F1485N,03F1633N,03F1485N,"202,120,222,023,202,000,000,000",2021/6/22,2026/6/11,1816,1816,0,,相同,相同,N,,
03F1633S_03F1651S,03F1633S,03F1651S,"202,120,222,023,202,000,000,000",2021/6/22,2026/6/11,1816,1816,0,,相同,相同,N,,
03F1651N_03F1633N,03F1651N,03F1633N,"202,120,222,023,202,000,000,000",2021/6/22,2026/6/11,1816,1816,0,,相同,相同,N,,
03F1651S_01F1621N,03F1651S,01F1621N,"202,120,222,023,202,000,000,000",2021/6/22,2026/6/11,1816,1816,0,,相同,相同,N,,
03F1651S_01F1664S,03F1651S,01F1664S,"202,120,222,023,202,000,000,000",2021/6/22,2026/6/11,1816,1816,0,,相同,相同,N,,
03F1651S_03F1710S,03F1651S,03F1710S,"202,120,222,023,202,000,000,000",2021/6/22,2026/6/11,1816,1816,0,,相同,相同,N,,
03F1710N_01F1621N,03F1710N,01F1621N,"202,120,222,023,202,000,000,000",2021/6/22,2026/6/11,1816,1816,0,,相同,相同,N,,
03F1710N_01F1664S,03F1710N,01F1664S,"202,120,222,023,202,000,000,000",2021/6/22,2026/6/11,1816,1816,0,,相同,相同,N,,
03F1710N_03F1651N,03F1710N,03F1651N,"202,120,222,023,202,000,000,000",2021/6/22,2026/6/11,1816,1816,0,,相同,相同,N,,
03F1710S_03F1710N,03F1710S,03F1710N,"20,212,022,202,320,200,000",2021/6/22,2025/5/22,1431,1431,0,,相同,比最晚早(2025-05-22 vs 2026-06-11),N,服務區,
03F1710S_03F1739S,03F1710S,03F1739S,"202,120,222,023,202,000,000,000",2021/6/22,2026/6/11,1816,1816,0,,相同,相同,N,,
03F1739N_03F1710N,03F1739N,03F1710N,"202,120,222,023,202,000,000,000",2021/6/22,2026/6/11,1816,1816,0,,相同,相同,N,,
03F1739N_03F1739S,03F1739N,03F1739S,"20,212,022,202,320,200,000",2021/6/22,2025/5/22,1431,1431,0,,相同,比最晚早(2025-05-22 vs 2026-06-11),N,服務區,
03F1739S_03F1779S,03F1739S,03F1779S,"202,120,222,023,202,000,000,000",2021/6/22,2026/6/11,1816,1816,0,,相同,相同,N,,
03F1779N_03F1739N,03F1779N,03F1739N,"202,120,222,023,202,000,000,000",2021/6/22,2026/6/11,1816,1816,0,,相同,相同,N,,
03F1779S_03F1860S,03F1779S,03F1860S,"202,120,222,023,202,000,000,000",2021/6/22,2026/6/11,1816,1816,0,,相同,相同,N,,
03F1860N_03F1779N,03F1860N,03F1779N,"202,120,222,023,202,000,000,000",2021/6/22,2026/6/11,1816,1816,0,,相同,相同,N,,
03F1860S_03F1944S,03F1860S,03F1944S,"202,120,222,023,202,000,000,000",2021/6/22,2026/6/11,1816,1816,0,,相同,相同,N,,
03F1941N_03F1860N,03F1941N,03F1860N,"202,120,222,023,202,000,000,000",2021/6/22,2026/6/11,1816,1816,0,,相同,相同,N,,
03F1944S_01F1906N,03F1944S,01F1906N,"202,120,222,023,202,000,000,000",2021/6/22,2026/6/11,1816,1816,0,,相同,相同,N,,
03F1944S_01F1960S,03F1944S,01F1960S,"202,120,222,023,202,000,000,000",2021/6/22,2026/6/11,1816,1816,0,,相同,相同,N,,
03F1944S_03F1991S,03F1944S,03F1991S,"202,120,222,023,202,000,000,000",2021/6/22,2026/6/11,1816,1816,0,,相同,相同,N,,
03F1991S_03F2066S,03F1991S,03F2066S,"202,120,222,023,202,000,000,000",2021/6/22,2026/6/11,1816,1816,0,,相同,相同,N,,
03F1992N_01F1906N,03F1992N,01F1906N,"202,120,222,023,202,000,000,000",2021/6/22,2026/6/11,1816,1816,0,,相同,相同,N,,
03F1992N_01F1960S,03F1992N,01F1960S,"202,120,222,023,202,000,000,000",2021/6/22,2026/6/11,1816,1816,0,,相同,相同,N,,
03F1992N_03F1941N,03F1992N,03F1941N,"202,120,222,023,202,000,000,000",2021/6/22,2026/6/11,1816,1816,0,,相同,相同,N,,
03F2066N_03F1992N,03F2066N,03F1992N,"202,120,222,023,202,000,000,000",2021/6/22,2026/6/11,1816,1816,0,,相同,相同,N,,
03F2066S_03F2079S,03F2066S,03F2079S,"202,120,222,023,202,000,000,000",2021/6/22,2026/6/11,1816,1816,0,,相同,相同,N,,
03F2078N_03F2066N,03F2078N,03F2066N,"202,120,222,023,202,000,000,000",2021/6/22,2026/6/11,1816,1816,0,,相同,相同,N,,
03F2079S_03F2100S,03F2079S,03F2100S,"202,120,222,023,202,000,000,000",2021/6/22,2026/6/11,1816,1816,0,,相同,相同,N,,
03F2100N_03F2078N,03F2100N,03F2078N,"202,120,222,023,202,000,000,000",2021/6/22,2026/6/11,1816,1816,0,,相同,相同,N,,
03F2100S_03F2129S,03F2100S,03F2129S,"202,120,222,023,202,000,000,000",2021/6/22,2026/6/11,1816,1816,0,,相同,相同,N,,
03F2125N_03F2100N,03F2125N,03F2100N,"202,120,222,023,202,000,000,000",2021/6/22,2026/6/11,1816,1816,0,,相同,相同,N,,
03F2129S_03F2152S,03F2129S,03F2152S,"202,120,222,023,202,000,000,000",2021/6/22,2026/6/11,1816,1816,0,,相同,相同,N,,
03F2152S_03F2194S,03F2152S,03F2194S,"202,120,222,023,202,000,000,000",2021/6/22,2026/6/11,1816,1816,0,,相同,相同,N,,
03F2153N_03F2125N,03F2153N,03F2125N,"202,120,222,023,202,000,000,000",2021/6/22,2026/6/11,1816,1816,0,,相同,相同,N,,
03F2194N_03F2153N,03F2194N,03F2153N,"202,120,222,023,202,000,000,000",2021/6/22,2026/6/11,1816,1816,0,,相同,相同,N,,
03F2194S_01F2011N,03F2194S,01F2011N,"20,252,026",2025/5/23,2026/6/11,385,385,0,,比最早晚(2025-05-23 vs 2021-06-22),相同,N,新,
03F2194S_01F2089S,03F2194S,01F2089S,"20,252,026",2025/5/23,2026/6/11,385,385,0,,比最早晚(2025-05-23 vs 2021-06-22),相同,N,新,
03F2194S_03F2235S,03F2194S,03F2235S,"202,120,222,023,202,000,000,000",2021/6/22,2026/6/11,1816,1816,0,,相同,相同,N,,
03F2231N_01F2011N,03F2231N,01F2011N,"20,252,026",2025/5/23,2026/6/11,385,385,0,,比最早晚(2025-05-23 vs 2021-06-22),相同,N,新,
03F2231N_01F2089S,03F2231N,01F2089S,"20,252,026",2025/5/23,2026/6/11,385,385,0,,比最早晚(2025-05-23 vs 2021-06-22),相同,N,新,
03F2231N_03F2194N,03F2231N,03F2194N,"202,120,222,023,202,000,000,000",2021/6/22,2026/6/11,1816,1816,0,,相同,相同,N,,
03F2235S_03F2261S,03F2235S,03F2261S,"202,120,222,023,202,000,000,000",2021/6/22,2026/6/11,1816,1816,0,,相同,相同,N,,
03F2260N_03F2231N,03F2260N,03F2231N,"202,120,222,023,202,000,000,000",2021/6/22,2026/6/11,1816,1816,0,,相同,相同,N,,
03F2261S_03F2306S,03F2261S,03F2306S,"202,120,222,023,202,000,000,000",2021/6/22,2026/6/11,1816,1816,0,,相同,相同,N,,
03F2306N_03F2260N,03F2306N,03F2260N,"202,120,222,023,202,000,000,000",2021/6/22,2026/6/11,1816,1816,0,,相同,相同,N,,
03F2306S_03F2306N,03F2306S,03F2306N,"20,212,022,202,320,200,000",2021/6/22,2025/5/22,1431,1431,0,,相同,比最晚早(2025-05-22 vs 2026-06-11),N,服務區,
03F2306S_03F2336S,03F2306S,03F2336S,"202,120,222,023,202,000,000,000",2021/6/22,2026/6/11,1816,1816,0,,相同,相同,N,,
03F2336N_03F2306N,03F2336N,03F2306N,"202,120,222,023,202,000,000,000",2021/6/22,2026/6/11,1816,1816,0,,相同,相同,N,,
03F2336N_03F2336S,03F2336N,03F2336S,"20,212,022,202,320,200,000",2021/6/22,2025/5/22,1431,1431,0,,相同,比最晚早(2025-05-22 vs 2026-06-11),N,服務區,
03F2336S_03F2415S,03F2336S,03F2415S,"202,120,222,023,202,000,000,000",2021/6/22,2026/6/11,1816,1816,0,,相同,相同,N,,
03F2415N_03F2336N,03F2415N,03F2336N,"202,120,222,023,202,000,000,000",2021/6/22,2026/6/11,1816,1816,0,,相同,相同,N,,
03F2415S_03F2447S,03F2415S,03F2447S,"202,120,222,023,202,000,000,000",2021/6/22,2026/6/11,1816,1816,0,,相同,相同,N,,
03F2447N_03F2415N,03F2447N,03F2415N,"202,120,222,023,202,000,000,000",2021/6/22,2026/6/11,1816,1816,0,,相同,相同,N,,
03F2447S_03F2535S,03F2447S,03F2535S,"202,120,222,023,202,000,000,000",2021/6/22,2026/6/11,1816,1816,0,,相同,相同,N,,
03F2535N_03F2447N,03F2535N,03F2447N,"202,120,222,023,202,000,000,000",2021/6/22,2026/6/11,1816,1816,0,,相同,相同,N,,
03F2535S_03F2614S,03F2535S,03F2614S,"202,120,222,023,202,000,000,000",2021/6/22,2026/6/11,1816,1816,0,,相同,相同,N,,
03F2614N_03F2535N,03F2614N,03F2535N,"202,120,222,023,202,000,000,000",2021/6/22,2026/6/11,1816,1816,0,,相同,相同,N,,
03F2614S_01F2425N,03F2614S,01F2425N,"20,252,026",2025/5/23,2026/6/11,385,385,0,,比最早晚(2025-05-23 vs 2021-06-22),相同,N,新,
03F2614S_01F2472S,03F2614S,01F2472S,"20,252,026",2025/5/23,2026/6/11,385,385,0,,比最早晚(2025-05-23 vs 2021-06-22),相同,N,新,
03F2614S_03F2709S,03F2614S,03F2709S,"202,120,222,023,202,000,000,000",2021/6/22,2026/6/11,1816,1816,0,,相同,相同,N,,
03F2709N_01F2425N,03F2709N,01F2425N,"20,252,026",2025/5/23,2026/6/11,385,385,0,,比最早晚(2025-05-23 vs 2021-06-22),相同,N,新,
03F2709N_01F2472S,03F2709N,01F2472S,"20,252,026",2025/5/23,2026/6/11,385,385,0,,比最早晚(2025-05-23 vs 2021-06-22),相同,N,新,
03F2709N_03F2614N,03F2709N,03F2614N,"202,120,222,023,202,000,000,000",2021/6/22,2026/6/11,1816,1816,0,,相同,相同,N,,
03F2709S_03F2747S,03F2709S,03F2747S,"202,120,222,023,202,000,000,000",2021/6/22,2026/6/11,1816,1816,0,,相同,相同,N,,
03F2747N_03F2709N,03F2747N,03F2709N,"202,120,222,023,202,000,000,000",2021/6/22,2026/6/11,1816,1816,0,,相同,相同,N,,
03F2747S_03F2747N,03F2747S,03F2747N,"20,212,022,202,320,200,000",2021/6/22,2025/5/22,1431,1431,0,,相同,比最晚早(2025-05-22 vs 2026-06-11),N,服務區,
03F2747S_03F2777S,03F2747S,03F2777S,"202,120,222,023,202,000,000,000",2021/6/22,2026/6/11,1816,1816,0,,相同,相同,N,,
03F2777N_03F2747N,03F2777N,03F2747N,"202,120,222,023,202,000,000,000",2021/6/22,2026/6/11,1816,1816,0,,相同,相同,N,,
03F2777N_03F2777S,03F2777N,03F2777S,"20,212,022,202,320,200,000",2021/6/22,2025/5/22,1431,1431,0,,相同,比最晚早(2025-05-22 vs 2026-06-11),N,服務區,
03F2777S_03F2840S,03F2777S,03F2840S,"202,120,222,023,202,000,000,000",2021/6/22,2026/6/11,1816,1816,0,,相同,相同,N,,
03F2840N_03F2777N,03F2840N,03F2777N,"202,120,222,023,202,000,000,000",2021/6/22,2026/6/11,1816,1816,0,,相同,相同,N,,
03F2840S_03F2899S,03F2840S,03F2899S,"202,120,222,023,202,000,000,000",2021/6/22,2026/6/11,1816,1816,0,,相同,相同,N,,
03F2899N_03F2840N,03F2899N,03F2840N,"202,120,222,023,202,000,000,000",2021/6/22,2026/6/11,1816,1816,0,,相同,相同,N,,
03F2899S_03F2923S,03F2899S,03F2923S,"202,120,222,023,202,000,000,000",2021/6/22,2026/6/11,1816,1816,0,,相同,相同,N,,
03F2923N_03F2899N,03F2923N,03F2899N,"202,120,222,023,202,000,000,000",2021/6/22,2026/6/11,1816,1816,0,,相同,相同,N,,
03F2923S_03F2985S,03F2923S,03F2985S,"202,120,222,023,202,000,000,000",2021/6/22,2026/6/11,1816,1816,0,,相同,相同,N,,
03F2985N_03F2923N,03F2985N,03F2923N,"202,120,222,023,202,000,000,000",2021/6/22,2026/6/11,1816,1816,0,,相同,相同,N,,
03F2985S_01F2714N,03F2985S,01F2714N,"20,252,026",2025/5/23,2026/6/11,385,385,0,,比最早晚(2025-05-23 vs 2021-06-22),相同,N,新,
03F2985S_01F2827S,03F2985S,01F2827S,"20,252,026",2025/5/23,2026/6/11,385,385,0,,比最早晚(2025-05-23 vs 2021-06-22),相同,N,新,
03F2985S_03F3101S,03F2985S,03F3101S,"202,120,222,023,202,000,000,000",2021/6/22,2026/6/11,1816,1816,0,,相同,相同,N,,
03F3101N_01F2714N,03F3101N,01F2714N,"20,252,026",2025/5/23,2026/6/11,385,385,0,,比最早晚(2025-05-23 vs 2021-06-22),相同,N,新,
03F3101N_01F2827S,03F3101N,01F2827S,"20,252,026",2025/5/23,2026/6/11,385,385,0,,比最早晚(2025-05-23 vs 2021-06-22),相同,N,新,
03F3101N_03F2985N,03F3101N,03F2985N,"202,120,222,023,202,000,000,000",2021/6/22,2026/6/11,1816,1816,0,,相同,相同,N,,
03F3101S_03F3187S,03F3101S,03F3187S,"202,120,222,023,202,000,000,000",2021/6/22,2026/6/11,1816,1816,0,,相同,相同,N,,
03F3187N_03F3101N,03F3187N,03F3101N,"202,120,222,023,202,000,000,000",2021/6/22,2026/6/11,1816,1816,0,,相同,相同,N,,
03F3187S_03F3187N,03F3187S,03F3187N,"20,212,022,202,320,200,000",2021/6/22,2025/5/22,1431,1431,0,,相同,比最晚早(2025-05-22 vs 2026-06-11),N,服務區,
03F3187S_03F3211S,03F3187S,03F3211S,"202,120,222,023,202,000,000,000",2021/6/22,2026/6/11,1816,1816,0,,相同,相同,N,,
03F3211N_03F3187N,03F3211N,03F3187N,"202,120,222,023,202,000,000,000",2021/6/22,2026/6/11,1816,1816,0,,相同,相同,N,,
03F3211N_03F3211S,03F3211N,03F3211S,"20,212,022,202,320,200,000",2021/6/22,2025/5/22,1431,1431,0,,相同,比最晚早(2025-05-22 vs 2026-06-11),N,服務區,
03F3211S_03F3259S,03F3211S,03F3259S,"202,120,222,023,202,000,000,000",2021/6/22,2026/6/11,1816,1816,0,,相同,相同,N,,
03F3259N_03F3211N,03F3259N,03F3211N,"202,120,222,023,202,000,000,000",2021/6/22,2026/6/11,1816,1816,0,,相同,相同,N,,
03F3259S_03F3307S,03F3259S,03F3307S,"202,120,222,023,202,000,000,000",2021/6/22,2026/6/11,1816,1816,0,,相同,相同,N,,
03F3307N_03F3259N,03F3307N,03F3259N,"202,120,222,023,202,000,000,000",2021/6/22,2026/6/11,1816,1816,0,,相同,相同,N,,
03F3307S_01F2930N,03F3307S,01F2930N,"20,252,026",2025/5/23,2026/6/11,385,385,0,,比最早晚(2025-05-23 vs 2021-06-22),相同,N,新,
03F3307S_01F3019S,03F3307S,01F3019S,"20,252,026",2025/5/23,2026/6/11,385,385,0,,比最早晚(2025-05-23 vs 2021-06-22),相同,N,新,
03F3307S_03F3392S,03F3307S,03F3392S,"202,120,222,023,202,000,000,000",2021/6/22,2026/6/11,1816,1816,0,,相同,相同,N,,
03F3392N_01F2930N,03F3392N,01F2930N,"20,252,026",2025/5/23,2026/6/11,385,385,0,,比最早晚(2025-05-23 vs 2021-06-22),相同,N,新,
03F3392N_01F3019S,03F3392N,01F3019S,"20,252,026",2025/5/23,2026/6/11,385,385,0,,比最早晚(2025-05-23 vs 2021-06-22),相同,N,新,
03F3392N_03F3307N,03F3392N,03F3307N,"202,120,222,023,202,000,000,000",2021/6/22,2026/6/11,1816,1816,0,,相同,相同,N,,
03F3392S_03F3445S,03F3392S,03F3445S,"202,120,222,023,202,000,000,000",2021/6/22,2026/6/11,1816,1816,0,,相同,相同,N,,
03F3445N_03F3392N,03F3445N,03F3392N,"202,120,222,023,202,000,000,000",2021/6/22,2026/6/11,1816,1816,0,,相同,相同,N,,
03F3445S_01F3126N,03F3445S,01F3126N,"202,120,222,023,202,000,000,000",2021/6/22,2026/6/11,1816,1816,0,,相同,相同,N,,
03F3445S_01F3185S,03F3445S,01F3185S,"202,120,222,023,202,000,000,000",2021/6/22,2026/6/11,1816,1816,0,,相同,相同,N,,
03F3445S_03F3496S,03F3445S,03F3496S,"202,120,222,023,202,000,000,000",2021/6/22,2026/6/11,1816,1816,0,,相同,相同,N,,
03F3496N_01F3126N,03F3496N,01F3126N,"202,120,222,023,202,000,000,000",2021/6/22,2026/6/11,1816,1816,0,,相同,相同,N,,
03F3496N_01F3185S,03F3496N,01F3185S,"202,120,222,023,202,000,000,000",2021/6/22,2026/6/11,1816,1816,0,,相同,相同,N,,
03F3496N_03F3445N,03F3496N,03F3445N,"202,120,222,023,202,000,000,000",2021/6/22,2026/6/11,1816,1816,0,,相同,相同,N,,
03F3496S_03F3588S,03F3496S,03F3588S,"202,120,222,023,202,000,000,000",2021/6/22,2026/6/11,1816,1816,0,,相同,相同,N,,
03F3588N_03F3496N,03F3588N,03F3496N,"202,120,222,023,202,000,000,000",2021/6/22,2026/6/11,1816,1816,0,,相同,相同,N,,
03F3588S_03F3670S,03F3588S,03F3670S,"202,120,222,023,202,000,000,000",2021/6/22,2026/6/11,1816,1816,0,,相同,相同,N,,
03F3670N_03F3588N,03F3670N,03F3588N,"202,120,222,023,202,000,000,000",2021/6/22,2026/6/11,1816,1816,0,,相同,相同,N,,
03F3670S_03F3743S,03F3670S,03F3743S,"202,120,222,023,202,000,000,000",2021/6/22,2026/6/11,1816,1816,0,,相同,相同,N,,
03F3743N_03F3670N,03F3743N,03F3670N,"202,120,222,023,202,000,000,000",2021/6/22,2026/6/11,1816,1816,0,,相同,相同,N,,
03F3743S_01F3590N,03F3743S,01F3590N,"202,120,222,023,202,000,000,000",2021/6/22,2026/6/11,1816,1816,0,,相同,相同,N,,
03F3743S_01F3640S,03F3743S,01F3640S,"202,120,222,023,202,000,000,000",2021/6/22,2026/6/11,1816,1816,0,,相同,相同,N,,
03F3743S_03F3854S,03F3743S,03F3854S,"202,120,222,023,202,000,000,000",2021/6/22,2026/6/11,1816,1816,0,,相同,相同,N,,
03F3854N_01F3590N,03F3854N,01F3590N,"202,120,222,023,202,000,000,000",2021/6/22,2026/6/11,1816,1816,0,,相同,相同,N,,
03F3854N_01F3640S,03F3854N,01F3640S,"202,120,222,023,202,000,000,000",2021/6/22,2026/6/11,1816,1816,0,,相同,相同,N,,
03F3854N_03F3743N,03F3854N,03F3743N,"202,120,222,023,202,000,000,000",2021/6/22,2026/6/11,1816,1816,0,,相同,相同,N,,
03F3854S_03F3916S,03F3854S,03F3916S,"202,120,222,023,202,000,000,000",2021/6/22,2026/6/11,1816,1816,0,,相同,相同,N,,
03F3916N_03F3854N,03F3916N,03F3854N,"202,120,222,023,202,000,000,000",2021/6/22,2026/6/11,1816,1816,0,,相同,相同,N,,
03F3916S_03F3981S,03F3916S,03F3981S,"202,120,222,023,202,000,000,000",2021/6/22,2026/6/11,1816,1816,0,,相同,相同,N,,
03F3981S_03F4018S,03F3981S,03F4018S,"202,120,222,023,202,000,000,000",2021/6/22,2026/6/11,1816,1816,0,,相同,相同,N,,
03F3984N_03F3916N,03F3984N,03F3916N,"202,120,222,023,202,000,000,000",2021/6/22,2026/6/11,1816,1816,0,,相同,相同,N,,
03F4018S_03F4142S,03F4018S,03F4142S,"202,120,222,023,202,000,000,000",2021/6/22,2026/6/11,1816,1816,0,,相同,相同,N,,
03F4021N_03F3984N,03F4021N,03F3984N,"202,120,222,023,202,000,000,000",2021/6/22,2026/6/11,1816,1816,0,,相同,相同,N,,
03F4142N_03F4021N,03F4142N,03F4021N,"202,120,222,023,202,000,000,000",2021/6/22,2026/6/11,1816,1816,0,,相同,相同,N,,
03F4142S_01F3696N,03F4142S,01F3696N,"20,252,026",2025/5/23,2026/6/11,385,385,0,,比最早晚(2025-05-23 vs 2021-06-22),相同,N,新,
03F4142S_03F4168S,03F4142S,03F4168S,"202,120,222,023,202,000,000,000",2021/6/22,2026/6/11,1816,1816,0,,相同,相同,N,,
03F4168N_01F3696N,03F4168N,01F3696N,"20,252,026",2025/5/23,2026/6/11,385,385,0,,比最早晚(2025-05-23 vs 2021-06-22),相同,N,新,
03F4168N_03F4142N,03F4168N,03F4142N,"202,120,222,023,202,000,000,000",2021/6/22,2026/6/11,1816,1816,0,,相同,相同,N,,
03F4168S_03F4232S,03F4168S,03F4232S,"202,120,222,023,202,000,000,000",2021/6/22,2026/6/11,1816,1816,0,,相同,相同,N,,
03F4232N_03F4168N,03F4232N,03F4168N,"202,120,222,023,202,000,000,000",2021/6/22,2026/6/11,1816,1816,0,,相同,相同,N,,
03F4232S_03F4263S,03F4232S,03F4263S,"202,120,222,023,202,000,000,000",2021/6/22,2026/6/11,1816,1816,0,,相同,相同,N,,
03F4259N_03F4232N,03F4259N,03F4232N,"202,120,222,023,202,000,000,000",2021/6/22,2026/6/11,1816,1816,0,,相同,相同,N,,
05F0000S_05F0055S,05F0000S,05F0055S,"202,120,222,023,202,000,000,000",2021/6/22,2026/6/11,1816,1816,0,,相同,相同,N,,
05F0001N_03F0150N,05F0001N,03F0150N,"202,120,222,023,202,000,000,000",2021/6/22,2026/6/11,1816,1816,0,,相同,相同,N,,
05F0001N_03F0201S,05F0001N,03F0201S,"202,120,222,023,202,000,000,000",2021/6/22,2026/6/11,1816,1816,0,,相同,相同,N,,
05F0055N_05F0001N,05F0055N,05F0001N,"202,120,222,023,202,000,000,000",2021/6/22,2026/6/11,1816,1816,0,,相同,相同,N,,
05F0055S_05F0287S,05F0055S,05F0287S,"202,120,222,023,202,000,000,000",2021/6/22,2026/6/11,1816,1816,0,,相同,相同,N,,
05F0287N_05F0055N,05F0287N,05F0055N,"202,120,222,023,202,000,000,000",2021/6/22,2026/6/11,1816,1816,0,,相同,相同,N,,
05F0287S_05F0309S,05F0287S,05F0309S,"202,120,222,023,202,000,000,000",2021/6/22,2026/6/11,1816,1816,0,,相同,相同,N,,
05F0309N_05F0287N,05F0309N,05F0287N,"202,120,222,023,202,000,000,000",2021/6/22,2026/6/11,1816,1816,0,,相同,相同,N,,
05F0309S_05F0439S,05F0309S,05F0439S,"202,120,222,023,202,000,000,000",2021/6/22,2026/6/11,1816,1816,0,,相同,相同,N,,
05F0438N_05F0309N,05F0438N,05F0309N,"202,120,222,023,202,000,000,000",2021/6/22,2026/6/11,1816,1816,0,,相同,相同,N,,
05F0438N_05FR143N,05F0438N,05FR143N,"202,120,222,023,202,000,000,000",2021/6/22,2026/6/11,1816,1816,0,,相同,相同,N,,
05F0439S_05F0494S,05F0439S,05F0494S,"202,120,222,023,202,000,000,000",2021/6/22,2026/6/11,1816,1816,0,,相同,相同,N,,
05F0528N_05F0438N,05F0528N,05F0438N,"202,120,222,023,202,000,000,000",2021/6/22,2026/6/11,1816,1816,0,,相同,相同,N,,
05FR113S_05F0439S,05FR113S,05F0439S,"202,120,222,023,202,000,000,000",2021/6/22,2026/6/11,1816,1816,0,,相同,相同,N,,
