pair_id,pair_roadname,start_gantry_id,start_roadname,start_link_id,start_longitude,start_latitude,end_gantry_id,end_roadname,end_link_id,end_longitude,end_latitude,distance_km,direction
01F0005S_01F0017S,基隆-八堵,01F0005S,基隆,0000100000040C,121.731764,25.118786,01F0017S,八堵,0000100000130C,121.725906,25.109567,1.2,South
01F0017N_01F0005N,基隆-基隆端,01F0017N,基隆,0000100100160C,121.725906,25.109567,01F0005N,基隆端,0000100100050C,121.731636,25.118311,1.2,North
01F0017S_01F0029S,八堵-大華系統,01F0017S,八堵,0000100000130C,121.725906,25.109567,01F0029S,大華系統,0000100000260C,121.717856,25.102836,1.2,South
01F0029N_01F0017N,八堵-基隆,01F0029N,八堵,0000100100270C,121.717856,25.102836,01F0017N,基隆,0000100100160C,121.725906,25.109567,1.2,North
01F0029S_01F0061S,大華系統-五堵,01F0029S,大華系統,0000100000260C,121.717856,25.102836,01F0061S,五堵,0000100000600C,121.693644,25.088272,3.2,South
01F0061N_01F0029N,大華系統-八堵,01F0061N,大華系統,0000100100600C,121.693644,25.088272,01F0029N,八堵,0000100100270C,121.717856,25.102836,3.2,North
01F0061N_03F0087S,大華系統-汐止系統,01F0061N,大華系統,0000100100600C,121.693644,25.088272,03F0087S,汐止系統,0000300000870F,121.653556,25.089994,11.5,South
01F0061S_01F0099S,五堵-汐止&汐止系統,01F0061S,五堵,0000100000600C,121.693644,25.088272,01F0099S,汐止&汐止系統,0000101006000F,121.659478,25.076264,3.8,South
01F0099N_01F0061N,五堵-大華系統,01F0099N,五堵,0000100100900F,121.659422,25.076044,01F0061N,大華系統,0000100100600C,121.693644,25.088272,3.8,North
01F0099S_01F0147S,汐止&汐止系統-東湖,01F0099S,汐止&汐止系統,0000101006000F,121.659478,25.076264,01F0147S,東湖,0000100001440A,121.613519,25.065644,4.8,South
01F0099S_01H0163S,汐止&汐止系統-堤頂,01F0099S,汐止&汐止系統,0000101006000F,121.659478,25.076264,01H0163S,堤頂,00001A0001600A,121.598733,25.064006,6.4,South
01F0099S_03F0054N,汐止&汐止系統-瑪東系統,01F0099S,汐止&汐止系統,0000101006000F,121.659478,25.076264,03F0054N,瑪東系統,0000300100520C,121.681789,25.103747,6.3,North
01F0099S_03F0116S,汐止&汐止系統-新台五路,01F0099S,汐止&汐止系統,0000101006000F,121.659478,25.076264,03F0116S,新台五路,0000300001160F,121.643467,25.065611,2.5,South
01F0147N_01F0099N,汐止&汐止系統-五堵,01F0147N,汐止&汐止系統,0000100101440A,121.613519,25.065644,01F0099N,五堵,0000100100900F,121.659422,25.076044,4.8,North
01F0147N_03F0054N,汐止&汐止系統-瑪東系統,01F0147N,汐止&汐止系統,0000100101440A,121.613519,25.065644,03F0054N,瑪東系統,0000300100520C,121.681789,25.103747,8.7,North
01F0147N_03F0116S,汐止&汐止系統-新台五路,01F0147N,汐止&汐止系統,0000100101440A,121.613519,25.065644,03F0116S,新台五路,0000300001160F,121.643467,25.065611,3.7,South
01F0147S_01F0153S,東湖-內湖,01F0147S,東湖,0000100001440A,121.613519,25.065644,01F0153S,內湖,0000100001530A,121.607778,25.064911,0.6,South
01F0153N_01F0147N,東湖-汐止&汐止系統,01F0153N,東湖,0000100001530A,121.607778,25.064911,01F0147N,汐止&汐止系統,0000100101440A,121.613519,25.065644,0.6,North
01F0153S_01F0182S,內湖-圓山,01F0153S,內湖,0000100001530A,121.607778,25.064911,01F0182S,圓山,0000100001800A,121.580231,25.068986,2.9,South
01F0182S_01F0248S,圓山-台北,01F0182S,圓山,0000100001800A,121.580231,25.068986,01F0248S,台北,0000100002490A,121.516603,25.077631,6.6,South
01F0213N_01F0153N,內湖-東湖,01F0213N,內湖,0000100102100A,121.550358,25.073053,01F0153N,東湖,0000100001530A,121.607778,25.064911,6,North
01F0233N_01F0213N,圓山-內湖,01F0233N,圓山,0000101111050A,121.530703,25.073019,01F0213N,內湖,0000100102100A,121.550358,25.073053,2,North
01F0248S_01F0264S,台北-三重,01F0248S,台北,0000100002490A,121.516603,25.077631,01F0264S,三重,0000100002610F,121.501386,25.077464,1.6,South
01F0256N_01F0233N,台北-圓山,01F0256N,台北,0000100102520A,121.509106,25.078067,01F0233N,圓山,0000101111050A,121.530703,25.073019,2.3,North
01F0264S_01F0293S,三重-五股,01F0264S,三重,0000100002610F,121.501386,25.077464,01F0293S,五股,0000100002900F,121.472961,25.074797,2.9,South
01F0293N_01F0256N,三重-台北,01F0293N,三重,0000100102900F,121.472961,25.074797,01F0256N,台北,0000100102520A,121.509106,25.078067,3.7,North
01F0293S_01F0339S,五股-泰山轉接道,01F0293S,五股,0000100002900F,121.472961,25.074797,01F0339S,泰山轉接道,0000100003380F,121.428764,25.068239,4.6,South
01F0339S_01F0376S,泰山轉接道-林口(北),01F0339S,泰山轉接道,0000100003380F,121.428764,25.068239,01F0376S,林口(北),0000100003700F,121.397306,25.058667,3.7,South
01F0339S_01H0447S,泰山轉接道-機場系統,01F0339S,泰山轉接道,0000100003380F,121.428764,25.068239,01H0447S,機場系統,00001B0004400H,121.331858,25.060125,10.8,South
01F0340N_01F0293N,五股-三重,01F0340N,五股,0000100103380F,121.428056,25.068,01F0293N,三重,0000100102900F,121.472961,25.074797,4.7,North
01F0340N_01H0271N,五股-環北,01F0340N,五股,0000100103380F,121.428056,25.068,01H0271N,環北,00001A0102700F,121.494019,25.075256,6.8,North
01F0376N_01F0340N,泰山轉接道-五股,01F0376N,泰山轉接道,0000100103700F,121.397306,25.058667,01F0340N,五股,0000100103380F,121.428056,25.068,3.6,North
01F0376S_01F0413S,林口(北)-林口(南),01F0376S,林口(北),0000100003700F,121.397306,25.058667,01F0413S,林口(南),0000100004110F,121.363561,25.064969,3.7,South
01F0413N_01F0376N,林口(北)-泰山轉接道,01F0413N,林口(北),0000100104100H,121.363561,25.064969,01F0376N,泰山轉接道,0000100103700F,121.397306,25.058667,3.7,North
01F0413S_01F0467S,林口(南)-桃園(北),01F0413S,林口(南),0000100004110F,121.363561,25.064969,01F0467S,桃園(北),0000100004600H,121.317761,25.047075,5.4,South
01F0467N_01F0413N,林口(南)-林口(北),01F0467N,林口(南),0000100104600H,121.317761,25.047075,01F0413N,林口(北),0000100104100H,121.363561,25.064969,5.4,North
01F0467S_01F0492S,桃園(北)-桃園(南),01F0467S,桃園(北),0000100004600H,121.317761,25.047075,01F0492S,桃園(南),0000100004900H,121.295531,25.036481,2.5,South
01F0492N_01F0467N,桃園(北)-林口(南),01F0492N,桃園(北),0000100104900H,121.295531,25.036481,01F0467N,林口(南),0000100104600H,121.317761,25.047075,2.5,North
01F0492S_01F0511S,桃園(南)-機場系統,01F0492S,桃園(南),0000100004900H,121.295531,25.036481,01F0511S,機場系統,0000100005100H,121.281731,25.025953,1.9,South
01F0511N_01F0492N,桃園(南)-桃園(北),01F0511N,桃園(南),0000100105100H,121.281731,25.025953,01F0492N,桃園(北),0000100104900H,121.295531,25.036481,1.9,North
01F0511S_01F0532S,機場系統-中壢服務區,01F0511S,機場系統,0000100005100H,121.281731,25.025953,01F0532S,中壢服務區,0000100005310H,121.266194,25.012944,2.1,South
01F0511S_03F0525N,機場系統-三鶯,01F0511S,機場系統,0000100005100H,121.281731,25.025953,03F0525N,三鶯,0000300105200F,121.3419,24.936025,15.5,North
01F0511S_03F0559S,機場系統-大溪,01F0511S,機場系統,0000100005100H,121.281731,25.025953,03F0559S,大溪,0000300005520H,121.312458,24.930225,15.2,South
01F0532N_01F0511N,機場系統-桃園(南),01F0532N,機場系統,0000100105300H,121.266194,25.012944,01F0511N,桃園(南),0000100105100H,121.281731,25.025953,2.1,North
01F0532N_03F0525N,機場系統-三鶯,01F0532N,機場系統,0000100105300H,121.266194,25.012944,03F0525N,三鶯,0000300105200F,121.3419,24.936025,14.4,North
01F0532N_03F0559S,機場系統-大溪,01F0532N,機場系統,0000100105300H,121.266194,25.012944,03F0559S,大溪,0000300005520H,121.312458,24.930225,14,South
01F0532S_01F0557S,中壢服務區-內壢,01F0532S,中壢服務區,0000100005310H,121.266194,25.012944,01F0557S,內壢,0000100005550H,121.247722,24.998583,2.5,South
01F0557N_01F0532N,中壢服務區-機場系統,01F0557N,中壢服務區,0000100105540H,121.247722,24.998583,01F0532N,機場系統,0000100105300H,121.266194,25.012944,2.5,North
01F0557S_01F0578S,內壢-中壢,01F0557S,內壢,0000100005550H,121.247722,24.998583,01F0578S,中壢,0000100005750H,121.233197,24.984414,2.1,South
01F0578S_01H0610S,中壢-校前路,01F0578S,中壢,0000100005750H,121.233197,24.984414,01H0610S,校前路,00001B0006020H,121.209867,24.96525,3.2,South
01F0584N_01F0557N,內壢-中壢服務區,01F0584N,內壢,0000100105800H,121.228944,24.980558,01F0557N,中壢服務區,0000100105540H,121.247722,24.998583,2.7,North
01F0616S_01F0633S,中壢-平鎮系統,01F0616S,中壢,0000100006100H,121.204739,24.961617,01F0633S,平鎮系統,0000100006300H,121.195594,24.949281,1.7,South
01F0633N_01F0616N,中壢-中豐,01F0633N,中壢,0000100106300H,121.195594,24.949281,01F0616N,中豐,0000100006100H,121.204739,24.961617,1.7,North
01F0633N_01H0579N,中壢-機場系統,01F0633N,中壢,0000100106300H,121.195594,24.949281,01H0579N,機場系統,00001B0105700H,121.232981,24.983667,5.4,North
01F0633S_01F0664S,平鎮系統-幼獅,01F0633S,平鎮系統,0000100006300H,121.195594,24.949281,01F0664S,幼獅,0000100006600H,121.176919,24.929544,3.1,South
01F0664N_01F0633N,平鎮系統-中壢,01F0664N,平鎮系統,0000100106600H,121.176919,24.929544,01F0633N,中壢,0000100106300H,121.195594,24.949281,3.1,North
01F0664S_01F0681S,幼獅-楊梅,01F0664S,幼獅,0000100006600H,121.176919,24.929544,01F0681S,楊梅,0000100006800H,121.167586,24.917967,1.7,South
01F0681N_01F0664N,幼獅-平鎮系統,01F0681N,幼獅,0000100106800H,121.167586,24.917967,01F0664N,平鎮系統,0000100106600H,121.176919,24.929544,1.7,North
01F0681S_01F0699S,楊梅-校前路,01F0681S,楊梅,0000100006800H,121.167586,24.917967,01F0699S,校前路,0000100006970H,121.159761,24.903297,1.8,South
01F0699N_01F0681N,楊梅-幼獅,01F0699N,楊梅,0000100106960H,121.159761,24.903297,01F0681N,幼獅,0000100106800H,121.167586,24.917967,1.8,North
01F0699S_01F0750S,校前路-湖口,01F0699S,校前路,0000100006970H,121.159761,24.903297,01F0750S,湖口,0000100007400H,121.111731,24.893436,5.1,South
01F0750N_01F0699N,校前路-楊梅,01F0750N,校前路,0000100107400H,121.111731,24.893436,01F0699N,楊梅,0000100106960H,121.159761,24.903297,5.1,North
01F0750N_01H0608N,校前路-中壢轉接道,01F0750N,校前路,0000100107400H,121.111731,24.893436,01H0608N,中壢轉接道,00001B0106020H,121.211614,24.965878,14.2,North
01F0750S_01F0880S,湖口-竹北,01F0750S,湖口,0000100007400H,121.111731,24.893436,01F0880S,竹北,0000100008800J,121.019031,24.848719,13,South
01F0880N_01F0750N,湖口-校前路,01F0880N,湖口,0000100108800J,121.019031,24.848719,01F0750N,校前路,0000100107400H,121.111731,24.893436,13,North
01F0880S_01F0928S,竹北-新竹(北),01F0880S,竹北,0000100008800J,121.019031,24.848719,01F0928S,新竹(北),0000100009240O,121.010306,24.808453,4.8,South
01F0928N_01F0880N,竹北-湖口,01F0928N,竹北,0000100109240O,121.010306,24.808453,01F0880N,湖口,0000100108800J,121.019031,24.848719,4.8,North
01F0928S_01F0950S,新竹(北)-新竹(南),01F0928S,新竹(北),0000100009240O,121.010306,24.808453,01F0950S,新竹(南),0000100009470O,121.005247,24.789622,2.2,South
01F0950S_01F0980S,新竹(南)-新竹系統,01F0950S,新竹(南),0000100009470O,121.005247,24.789622,01F0980S,新竹系統,0000100009800J,120.998861,24.763586,3,South
01F0956N_01F0928N,新竹(北)-竹北,01F0956N,新竹(北),0000100109550O,121.003725,24.783944,01F0928N,竹北,0000100109240O,121.010306,24.808453,2.8,North
01F0979N_01F0956N,新竹(南)-新竹(北),01F0979N,新竹(南),0000100109740J,120.999897,24.764414,01F0956N,新竹(北),0000100109550O,121.003725,24.783944,2.3,North
01F0980S_01F1045S,新竹系統-頭份,01F0980S,新竹系統,0000100009800J,120.998861,24.763586,01F1045S,頭份,0000100010400J,120.951897,24.727131,6.5,South
01F0980S_03F0996N,新竹系統-寶山,01F0980S,新竹系統,0000100009800J,120.998861,24.763586,03F0996N,寶山,0000300109940J,120.997269,24.755811,3.1,North
01F0980S_03F1022S,新竹系統-茄苳,01F0980S,新竹系統,0000100009800J,120.998861,24.763586,03F1022S,茄苳,0000300010200J,120.972267,24.757914,2.8,South
01F1045N_01F0979N,新竹系統-新竹(南),01F1045N,新竹系統,0000100110400J,120.951897,24.727131,01F0979N,新竹(南),0000100109740J,120.999897,24.764414,6.6,North
01F1045N_03F0996N,新竹系統-寶山,01F1045N,新竹系統,0000100110400J,120.951897,24.727131,03F0996N,寶山,0000300109940J,120.997269,24.755811,6,North
01F1045N_03F1022S,新竹系統-茄苳,01F1045N,新竹系統,0000100110400J,120.951897,24.727131,03F1022S,茄苳,0000300010200J,120.972267,24.757914,7.5,South
01F1045S_01F1123S,頭份-頭屋,01F1045S,頭份,0000100010400J,120.951897,24.727131,01F1123S,頭屋,0000100011200K,120.904267,24.679317,7.8,South
01F1123N_01F1045N,頭份-新竹系統,01F1123N,頭份,0000100111200K,120.904267,24.679317,01F1045N,新竹系統,0000100110400J,120.951897,24.727131,7.8,North
01F1123S_01F1292S,頭屋-苗栗,01F1123S,頭屋,0000100011200K,120.904267,24.679317,01F1292S,苗栗,0000100012900K,120.838925,24.550442,16.9,South
01F1292N_01F1123N,頭屋-頭份,01F1292N,頭屋,0000100112900K,120.838925,24.550442,01F1123N,頭份,0000100111200K,120.904267,24.679317,16.9,North
01F1292S_01F1389S,苗栗-銅鑼,01F1292S,苗栗,0000100012900K,120.838925,24.550442,01F1389S,銅鑼,0000100013800K,120.781903,24.485919,9.7,South
01F1389N_01F1292N,苗栗-頭屋,01F1389N,苗栗,0000100113800K,120.781903,24.485919,01F1292N,頭屋,0000100112900K,120.838925,24.550442,9.7,North
01F1389S_01F1465S,銅鑼-三義,01F1389S,銅鑼,0000100013800K,120.781903,24.485919,01F1465S,三義,0000100014600K,120.775731,24.420514,7.6,South
01F1465N_01F1389N,銅鑼-苗栗,01F1465N,銅鑼,0000100114600K,120.775731,24.420514,01F1389N,苗栗,0000100113800K,120.781903,24.485919,7.6,North
01F1465S_01F1572S,三義-后里,01F1465S,三義,0000100014600K,120.775731,24.420514,01F1572S,后里,0000100015700B,120.72085,24.339147,10.7,South
01F1572N_01F1465N,三義-銅鑼,01F1572N,三義,0000100115700B,120.72085,24.339147,01F1465N,銅鑼,0000100114600K,120.775731,24.420514,10.7,North
01F1572S_01F1621S,后里-台中系統,01F1572S,后里,0000100015700B,120.72085,24.339147,01F1621S,台中系統,0000100016200B,120.697325,24.301186,4.9,South
01F1621N_01F1572N,后里-三義,01F1621N,后里,0000100116200B,120.697325,24.301186,01F1572N,三義,0000100115700B,120.72085,24.339147,4.9,North
01F1621S_01F1664S,台中系統-豐原,01F1621S,台中系統,0000100016200B,120.697325,24.301186,01F1664S,豐原,0000100016610B,120.691956,24.262647,4.3,South
01F1621S_03F1651N,台中系統-大甲,01F1621S,台中系統,0000100016200B,120.697325,24.301186,03F1651N,大甲,0000300116520B,120.635574,24.334719,16,North
01F1621S_03F1710S,台中系統-清水服務區,01F1621S,台中系統,0000100016200B,120.697325,24.301186,03F1710S,清水服務區,0000300017100B,120.60197,24.292881,15.1,South
01F1664N_01F1621N,台中系統-后里,01F1664N,台中系統,0000100116620B,120.691956,24.262647,01F1621N,后里,0000100116200B,120.697325,24.301186,4.3,North
01F1664N_03F1651N,台中系統-大甲,01F1664N,台中系統,0000100116620B,120.691956,24.262647,03F1651N,大甲,0000300116520B,120.635574,24.334719,13.6,North
01F1664N_03F1710S,台中系統-清水服務區,01F1664N,台中系統,0000100116620B,120.691956,24.262647,03F1710S,清水服務區,0000300017100B,120.60197,24.292881,12.8,South
01F1664S_01F1699S,豐原-大雅&大雅系統,01F1664S,豐原,0000100016610B,120.691956,24.262647,01F1699S,大雅&大雅系統,0000100017000B,120.686625,24.231536,3.5,South
01F1699N_01F1664N,豐原-台中系統,01F1699N,豐原,0000100116900B,120.686625,24.231536,01F1664N,台中系統,0000100116620B,120.691956,24.262647,3.5,North
01F1699S_01F1774S,大雅&大雅系統-台中,01F1699S,大雅&大雅系統,0000100017000B,120.686625,24.231536,01F1774S,台中,0000100017700B,120.635611,24.184592,7.5,South
01F1774N_01F1699N,大雅&大雅系統-豐原,01F1774N,大雅&大雅系統,0000100117700B,120.635611,24.184592,01F1699N,豐原,0000100116900B,120.686625,24.231536,7.5,North
01F1774S_01F1802S,台中-南屯,01F1774S,台中,0000100017700B,120.635611,24.184592,01F1802S,南屯,0000100018000B,120.621933,24.163706,2.8,South
01F1802N_01F1774N,台中-大雅&大雅系統,01F1802N,台中,0000100118000B,120.621933,24.163706,01F1774N,大雅&大雅系統,0000100117700B,120.635611,24.184592,2.8,North
01F1802S_01F1839S,南屯-王田,01F1802S,南屯,0000100018000B,120.621933,24.163706,01F1839S,王田,0000100018400B,120.617247,24.130767,3.7,South
01F1839N_01F1802N,南屯-台中,01F1839N,南屯,0000100118300B,120.617247,24.130767,01F1802N,台中,0000100118000B,120.621933,24.163706,3.7,North
01F1839S_01F1906S,王田-彰化系統,01F1839S,王田,0000100018400B,120.617247,24.130767,01F1906S,彰化系統,0000100019060B,120.568131,24.113572,6.7,South
01F1906N_01F1839N,王田-南屯,01F1906N,王田,0000100119050B,120.568131,24.113572,01F1839N,南屯,0000100118300B,120.617247,24.130767,6.7,North
01F1906S_01F1960S,彰化系統-彰化,01F1906S,彰化系統,0000100019060B,120.568131,24.113572,01F1960S,彰化,0000100019600N,120.52785,24.085622,5.4,South
01F1906S_03F1941N,彰化系統-和美,01F1906S,彰化系統,0000100019060B,120.568131,24.113572,03F1941N,和美,0000300119400N,120.534546,24.120947,5.3,North
01F1906S_03F1991S,彰化系統-快官,01F1906S,彰化系統,0000100019060B,120.568131,24.113572,03F1991S,快官,0000300019900N,120.57766,24.102808,4.9,South
01F1960N_01F1906N,彰化系統-王田,01F1960N,彰化系統,0000100119600N,120.52785,24.085622,01F1906N,王田,0000100119050B,120.568131,24.113572,5.4,North
01F1960N_03F1941N,彰化系統-和美,01F1960N,彰化系統,0000100119600N,120.52785,24.085622,03F1941N,和美,0000300119400N,120.534546,24.120947,6.8,North
01F1960N_03F1991S,彰化系統-快官,01F1960N,彰化系統,0000100119600N,120.52785,24.085622,03F1991S,快官,0000300019900N,120.57766,24.102808,6.4,South
01F1960S_01F2011S,彰化-埔鹽系統,01F1960S,彰化,0000100019600N,120.52785,24.085622,01F2011S,埔鹽系統,0000100020100N,120.522786,24.040639,5.1,South
01F2011N_01F1960N,彰化-彰化系統,01F2011N,彰化,0000100120100N,120.522786,24.040639,01F1960N,彰化系統,0000100119600N,120.52785,24.085622,5.1,North
01F2011S_01F2089S,埔鹽系統-員林,01F2011S,埔鹽系統,0000100020100N,120.522786,24.040639,01F2089S,員林,0000100020900N,120.506117,23.971794,7.8,South
01F2011S_03F2194N,埔鹽系統-草屯,01F2011S,埔鹽系統,0000100020100N,120.522786,24.040639,03F2194N,草屯,0000300121900M,120.65272,23.985844,27.7,North
01F2011S_03F2235S,埔鹽系統-中興,01F2011S,埔鹽系統,0000100020100N,120.522786,24.040639,03F2235S,中興,0000300022340M,120.66127,23.955503,24.9,South
01F2089N_01F2011N,埔鹽系統-彰化,01F2089N,埔鹽系統,0000100120900N,120.506117,23.971794,01F2011N,彰化,0000100120100N,120.522786,24.040639,7.8,North
01F2089N_03F2194N,埔鹽系統-草屯,01F2089N,埔鹽系統,0000100120900N,120.506117,23.971794,03F2194N,草屯,0000300121900M,120.65272,23.985844,21.7,North
01F2089N_03F2235S,埔鹽系統-中興,01F2089N,埔鹽系統,0000100120900N,120.506117,23.971794,03F2235S,中興,0000300022340M,120.66127,23.955503,18.8,South
01F2089S_01F2156S,員林-北斗,01F2089S,員林,0000100020900N,120.506117,23.971794,01F2156S,北斗,0000100021500N,120.49765,23.912769,6.7,South
01F2156N_01F2089N,員林-埔鹽系統,01F2156N,員林,0000100121500N,120.49765,23.912769,01F2089N,埔鹽系統,0000100120900N,120.506117,23.971794,6.7,North
01F2156S_01F2249S,北斗-西螺,01F2156S,北斗,0000100021500N,120.49765,23.912769,01F2249S,西螺,0000100022500N,120.484881,23.830569,9.3,South
01F2249N_01F2156N,北斗-員林,01F2249N,北斗,0000100122500N,120.484881,23.830569,01F2156N,員林,0000100121500N,120.49765,23.912769,9.3,North
01F2249S_01F2322S,西螺-虎尾,01F2249S,西螺,0000100022500N,120.484881,23.830569,01F2322S,虎尾,0000100023200P,120.469342,23.766328,7.3,South
01F2322N_01F2249N,西螺-北斗,01F2322N,西螺,0000100123200P,120.469342,23.766328,01F2249N,北斗,0000100122500N,120.484881,23.830569,7.3,North
01F2322S_01F2394S,虎尾-斗南,01F2322S,虎尾,0000100023200P,120.469342,23.766328,01F2394S,斗南,0000100023900P,120.474917,23.702603,7.2,South
01F2394N_01F2322N,虎尾-西螺,01F2394N,虎尾,0000100123900P,120.474917,23.702603,01F2322N,西螺,0000100123200P,120.469342,23.766328,7.2,North
01F2394S_01F2425S,斗南-雲林系統,01F2394S,斗南,0000100023900P,120.474917,23.702603,01F2425S,雲林系統,0000100024200P,120.462281,23.677375,3.1,South
01F2425N_01F2394N,斗南-虎尾,01F2425N,斗南,0000100124200P,120.462281,23.677375,01F2394N,虎尾,0000100123900P,120.474917,23.702603,3.1,North
01F2425S_01F2472S,雲林系統-大林,01F2425S,雲林系統,0000100024200P,120.462281,23.677375,01F2472S,大林,0000100024700P,120.443114,23.639556,4.7,South
01F2425S_03F2614N,雲林系統-斗六,01F2425S,雲林系統,0000100024200P,120.462281,23.677375,03F2614N,斗六,0000300126120P,120.60178,23.724424,22.2,North
01F2425S_03F2709S,雲林系統-古坑(南),01F2425S,雲林系統,0000100024200P,120.462281,23.677375,03F2709S,古坑(南),0000300027100P,120.57295,23.649141,16.1,South
01F2472N_01F2425N,雲林系統-斗南,01F2472N,雲林系統,0000100124700P,120.443114,23.639556,01F2425N,斗南,0000100124200P,120.462281,23.677375,4.7,North
01F2472N_03F2614N,雲林系統-斗六,01F2472N,雲林系統,0000100124700P,120.443114,23.639556,03F2614N,斗六,0000300126120P,120.60178,23.724424,23.6,North
01F2472N_03F2709S,雲林系統-古坑(南),01F2472N,雲林系統,0000100124700P,120.443114,23.639556,03F2709S,古坑(南),0000300027100P,120.57295,23.649141,17.5,South
01F2472S_01F2514S,大林-民雄,01F2472S,大林,0000100024700P,120.443114,23.639556,01F2514S,民雄,0000100025110Q,120.435417,23.601989,4.2,South
01F2514N_01F2472N,大林-雲林系統,01F2514N,大林,0000100125100Q,120.435417,23.601989,01F2472N,雲林系統,0000100124700P,120.443114,23.639556,4.2,North
01F2514S_01F2603S,民雄-嘉義,01F2514S,民雄,0000100025110Q,120.435417,23.601989,01F2603S,嘉義,0000100026000Q,120.405583,23.526739,8.9,South
01F2603N_01F2514N,民雄-大林,01F2603N,民雄,0000100126000Q,120.405583,23.526739,01F2514N,大林,0000100125100Q,120.435417,23.601989,8.9,North
01F2603S_01F2674S,嘉義-水上,01F2603S,嘉義,0000100026000Q,120.405583,23.526739,01F2674S,水上,0000100026700Q,120.3777,23.469403,7.1,South
01F2674N_01F2603N,嘉義-民雄,01F2674N,嘉義,0000100126700Q,120.3777,23.469403,01F2603N,民雄,0000100126000Q,120.405583,23.526739,7.1,North
01F2674S_01F2714S,水上-嘉義系統,01F2674S,水上,0000100026700Q,120.3777,23.469403,01F2714S,嘉義系統,0000100027110Q,120.361561,23.436367,4,South
01F2714N_01F2674N,水上-嘉義,01F2714N,水上,0000100127110Q,120.361561,23.436367,01F2674N,嘉義,0000100126700Q,120.3777,23.469403,4,North
01F2714S_01F2827S,嘉義系統-新營服務區,01F2714S,嘉義系統,0000100027110Q,120.361561,23.436367,01F2827S,新營服務區,0000100028300D,120.322192,23.347469,11.3,South
01F2714S_03F2985N,嘉義系統-中埔,01F2714S,嘉義系統,0000100027110Q,120.361561,23.436367,03F2985N,中埔,0000300129850Q,120.4812,23.442486,15.8,North
01F2714S_03F3101S,嘉義系統-白河,01F2714S,嘉義系統,0000100027110Q,120.361561,23.436367,03F3101S,白河,0000300031000D,120.436356,23.361254,23.2,South
01F2827N_01F2714N,嘉義系統-水上,01F2827N,嘉義系統,0000100128300D,120.322192,23.347469,01F2714N,水上,0000100127110Q,120.361561,23.436367,11.3,North
01F2827N_03F2985N,嘉義系統-中埔,01F2827N,嘉義系統,0000100128300D,120.322192,23.347469,03F2985N,中埔,0000300129850Q,120.4812,23.442486,23.7,North
01F2827N_03F3101S,嘉義系統-白河,01F2827N,嘉義系統,0000100128300D,120.322192,23.347469,03F3101S,白河,0000300031000D,120.436356,23.361254,31.1,South
01F2827S_01F2866S,新營服務區-新營,01F2827S,新營服務區,0000100028300D,120.322192,23.347469,01F2866S,新營,0000100028700D,120.298703,23.320994,3.9,South
01F2866N_01F2827N,新營服務區-嘉義系統,01F2866N,新營服務區,0000100128600D,120.298703,23.320994,01F2827N,嘉義系統,0000100128300D,120.322192,23.347469,3.9,North
01F2866S_01F2930S,新營-下營系統,01F2866S,新營,0000100028700D,120.298703,23.320994,01F2930S,下營系統,0000100029300D,120.265769,23.272589,6.4,South
01F2930N_01F2866N,新營-新營服務區,01F2930N,新營,0000100129300D,120.265769,23.272589,01F2866N,新營服務區,0000100128600D,120.298703,23.320994,6.4,North
01F2930S_01F3019S,下營系統-麻豆,01F2930S,下營系統,0000100029300D,120.265769,23.272589,01F3019S,麻豆,0000100030200D,120.236422,23.197286,8.9,South
01F2930S_03F3307N,下營系統-烏山頭,01F2930S,下營系統,0000100029300D,120.265769,23.272589,03F3307N,烏山頭,0000300133100D,120.35546,23.203276,25.4,North
01F2930S_03F3392S,下營系統-善化,01F2930S,下營系統,0000100029300D,120.265769,23.272589,03F3392S,善化,0000300033900D,120.33371,23.132065,24.7,South
01F3019N_01F2930N,下營系統-新營,01F3019N,下營系統,0000100130200D,120.236422,23.197286,01F2930N,新營,0000100129300D,120.265769,23.272589,8.9,North
01F3019N_03F3307N,下營系統-烏山頭,01F3019N,下營系統,0000100130200D,120.236422,23.197286,03F3307N,烏山頭,0000300133100D,120.35546,23.203276,20.4,North
01F3019N_03F3392S,下營系統-善化,01F3019N,下營系統,0000100130200D,120.236422,23.197286,03F3392S,善化,0000300033900D,120.33371,23.132065,19.7,South
01F3019S_01F3083S,麻豆-安定,01F3019S,麻豆,0000100030200D,120.236422,23.197286,01F3083S,安定,0000100030800D,120.23327,23.140751,6.4,South
01F3083N_01F3019N,麻豆-下營系統,01F3083N,麻豆,0000100130800D,120.23327,23.140751,01F3019N,下營系統,0000100130200D,120.236422,23.197286,6.4,North
01F3083S_01F3126S,安定-台南系統,01F3083S,安定,0000100030800D,120.23327,23.140751,01F3126S,台南系統,0000100031300D,120.247681,23.104817,4.3,South
01F3126N_01F3083N,安定-麻豆,01F3126N,安定,0000100131220D,120.247681,23.104817,01F3083N,麻豆,0000100130800D,120.23327,23.140751,4.3,North
01F3126S_01F3185S,台南系統-永康,01F3126S,台南系統,0000100031300D,120.247681,23.104817,01F3185S,永康,0000100031900D,120.253025,23.051311,5.9,South
01F3126S_03F3445N,台南系統-善化,01F3126S,台南系統,0000100031300D,120.247681,23.104817,03F3445N,善化,0000300134400D,120.32903,23.085272,14.5,North
01F3126S_03F3496S,台南系統-關廟,01F3126S,台南系統,0000100031300D,120.247681,23.104817,03F3496S,關廟,0000300035000D,120.32517,23.040203,14.2,South
01F3185N_01F3126N,台南系統-安定,01F3185N,台南系統,0000100131840D,120.253025,23.051311,01F3126N,安定,0000100131220D,120.247681,23.104817,5.9,North
01F3185N_03F3445N,台南系統-善化,01F3185N,台南系統,0000100131840D,120.253025,23.051311,03F3445N,善化,0000300134400D,120.32903,23.085272,13.8,North
01F3185N_03F3496S,台南系統-關廟,01F3185N,台南系統,0000100131840D,120.253025,23.051311,03F3496S,關廟,0000300035000D,120.32517,23.040203,13.4,South
01F3185S_01F3227S,永康-大灣,01F3185S,永康,0000100031900D,120.253025,23.051311,01F3227S,大灣,0000100032300D,120.249997,23.014172,4.2,South
01F3227N_01F3185N,永康-台南系統,01F3227N,永康,0000100132300D,120.249997,23.014172,01F3185N,台南系統,0000100131840D,120.253025,23.051311,4.2,North
01F3227S_01F3252S,大灣-仁德,01F3227S,大灣,0000100032300D,120.249997,23.014172,01F3252S,仁德,0000100032500D,120.248175,22.991814,2.5,South
01F3252N_01F3227N,大灣-永康,01F3252N,大灣,0000100132500D,120.248175,22.991814,01F3227N,永康,0000100132300D,120.249997,23.014172,2.5,North
01F3252S_01F3286S,仁德-仁德系統,01F3252S,仁德,0000100032500D,120.248175,22.991814,01F3286S,仁德系統,0000100032900D,120.249822,22.960903,3.4,South
01F3286N_01F3252N,仁德-大灣,01F3286N,仁德,0000100132900D,120.249822,22.960903,01F3252N,大灣,0000100132500D,120.248175,22.991814,3.4,North
01F3286S_01F3366S,仁德系統-路竹,01F3286S,仁德系統,0000100032900D,120.249822,22.960903,01F3366S,路竹,0000100033700E,120.27215,22.892619,8,South
01F3366N_01F3286N,仁德系統-仁德,01F3366N,仁德系統,0000100133700E,120.27215,22.892619,01F3286N,仁德,0000100132900D,120.249822,22.960903,8,North
01F3366S_01F3398S,路竹-高科,01F3366S,路竹,0000100033700E,120.27215,22.892619,01F3398S,高科,0000100034000E,120.284989,22.867419,3.2,South
01F3398N_01F3366N,路竹-仁德系統,01F3398N,路竹,0000100134000E,120.284989,22.867419,01F3366N,仁德系統,0000100133700E,120.27215,22.892619,3.2,North
01F3398S_01F3460S,高科-岡山,01F3398S,高科,0000100034000E,120.284989,22.867419,01F3460S,岡山,0000100034600E,120.312731,22.818039,6.2,South
01F3460N_01F3398N,高科-路竹,01F3460N,高科,0000100134600E,120.312731,22.818039,01F3398N,路竹,0000100134000E,120.284989,22.867419,6.2,North
01F3460S_01F3535S,岡山-楠梓(北),01F3460S,岡山,0000100034600E,120.312731,22.818039,01F3535S,楠梓(北),0000100135400E,120.334056,22.752806,7.5,South
01F3535N_01F3460N,岡山-高科,01F3535N,岡山,0000100135400E,120.334056,22.752806,01F3460N,高科,0000100134600E,120.312731,22.818039,7.5,North
01F3535S_01F3561S,楠梓(北)-楠梓(南),01F3535S,楠梓(北),0000100135400E,120.334056,22.752806,01F3561S,楠梓(南),0000100035600E,120.333764,22.728956,2.6,South
01F3559N_01F3535N,楠梓(北)-岡山,01F3559N,楠梓(北),0000100135600E,120.334286,22.730903,01F3535N,岡山,0000100135400E,120.334056,22.752806,2.4,North
01F3561S_01F3590S,楠梓(南)-鼎金系統,01F3561S,楠梓(南),0000100035600E,120.333764,22.728956,01F3590S,鼎金系統,0000100035900E,120.328181,22.703364,2.9,South
01F3590N_01F3559N,楠梓(南)-楠梓(北),01F3590N,楠梓(南),0000100135900E,120.328181,22.703364,01F3559N,楠梓(北),0000100135600E,120.334286,22.730903,3.1,North
01F3590S_01F3640S,鼎金系統-高雄(北),01F3590S,鼎金系統,0000100035900E,120.328181,22.703364,01F3640S,高雄(北),0000100036400E,120.332081,22.658892,5,South
01F3590S_03F3743N,鼎金系統-田寮,01F3590S,鼎金系統,0000100035900E,120.328181,22.703364,03F3743N,田寮,0000300137400E,120.38543,22.845121,30.2,North
01F3590S_03F3854S,鼎金系統-九如,01F3590S,鼎金系統,0000100035900E,120.328181,22.703364,03F3854S,九如,0000300038600E,120.44184,22.769197,23.3,South
01F3640N_01F3590N,鼎金系統-楠梓(南),01F3640N,鼎金系統,0000100136400E,120.332081,22.658892,01F3590N,楠梓(南),0000100135900E,120.328181,22.703364,5,North
01F3640N_03F3743N,鼎金系統-田寮,01F3640N,鼎金系統,0000100136400E,120.332081,22.658892,03F3743N,田寮,0000300137400E,120.38543,22.845121,28.4,North
01F3640N_03F3854S,鼎金系統-九如,01F3640N,鼎金系統,0000100136400E,120.332081,22.658892,03F3854S,九如,0000300038600E,120.44184,22.769197,21.5,South
01F3640S_01F3676S,高雄(北)-高雄(南),01F3640S,高雄(北),0000100036400E,120.332081,22.658892,01F3676S,高雄(南),0000100036800E,120.336222,22.627819,3.6,South
01F3676N_01F3640N,高雄(北)-鼎金系統,01F3676N,高雄(北),0000100136800E,120.336222,22.627819,01F3640N,鼎金系統,0000100136400E,120.332081,22.658892,3.6,North
01F3676S_01F3686S,高雄(南)-瑞隆路出口匝道,01F3676S,高雄(南),0000100036800E,120.336222,22.627819,01F3686S,瑞隆路出口匝道,0000100036900E,120.336647,22.619119,1,South
01F3686S_01F3736S,瑞隆路出口匝道-高雄端(南),01F3686S,瑞隆路出口匝道,0000100036900E,120.336647,22.619119,01F3736S,高雄端(南),0000101076030E,120.32315,22.581933,5,South
01F3696N_01F3676N,高雄(南)-高雄(北),01F3696N,高雄(南),0000100137000E,120.339608,22.609428,01F3676N,高雄(北),0000100136800E,120.336222,22.627819,2,North
01F3736N_01F3696N,高雄端(北)-高雄(南),01F3736N,高雄端(北),0000101176100E,120.32315,22.581933,01F3696N,高雄(南),0000100137000E,120.339608,22.609428,4,North
01H0163S_01H0206S,堤頂-環北,01H0163S,堤頂,00001A0001600A,121.598733,25.064006,01H0206S,環北,00001A0002000A,121.557739,25.07275,4.3,South
01H0174N_01F0099N,汐止&汐止系統-五堵,01H0174N,汐止&汐止系統,00001A0101700A,121.588044,25.065544,01F0099N,五堵,0000100100900F,121.659422,25.076044,7.5,North
01H0174N_03F0054N,汐止&汐止系統-瑪東系統,01H0174N,汐止&汐止系統,00001A0101700A,121.588044,25.065544,03F0054N,瑪東系統,0000300100520C,121.681789,25.103747,11.4,North
01H0174N_03F0116S,汐止&汐止系統-新台五路,01H0174N,汐止&汐止系統,00001A0101700A,121.588044,25.065544,03F0116S,新台五路,0000300001160F,121.643467,25.065611,6.3,South
01H0200N_01H0174N,堤頂-汐止&汐止系統,01H0200N,堤頂,00001A0102000A,121.562519,25.070994,01H0174N,汐止&汐止系統,00001A0101700A,121.588044,25.065544,2.6,North
01H0206S_01H0305S,環北-五股轉接道,01H0206S,環北,00001A0002000A,121.557739,25.07275,01H0305S,五股轉接道,00001A0003000F,121.460661,25.075553,9.9,South
01H0208N_01H0200N,下塔悠出口匝道-堤頂,01H0208N,下塔悠出口匝道,00001A0102080A,121.555014,25.072261,01H0200N,堤頂,00001A0102000A,121.562519,25.070994,0.8,North
01H0271N_01H0208N,環北-下塔悠出口匝道,01H0271N,環北,00001A0102700F,121.494019,25.075256,01H0208N,下塔悠出口匝道,00001A0102080A,121.555014,25.072261,6.3,North
01H0305S_01F0339S,五股轉接道-泰山轉接道,01H0305S,五股轉接道,00001A0003000F,121.460661,25.075553,01F0339S,泰山轉接道,0000100003380F,121.428764,25.068239,3.3,South
01H0305S_01H0334S,五股轉接道-泰山轉接道,01H0305S,五股轉接道,00001A0003000F,121.460661,25.075553,01H0334S,泰山轉接道,00001B0003300F,121.433281,25.068728,2.9,South
01H0333N_01H0271N,五股轉接道-環北,01H0333N,五股轉接道,00001B0103310F,121.435133,25.068147,01H0271N,環北,00001A0102700F,121.494019,25.075256,6.2,North
01H0334S_01H0447S,泰山轉接道-機場系統,01H0334S,泰山轉接道,00001B0003300F,121.433281,25.068728,01H0447S,機場系統,00001B0004400H,121.331858,25.060125,11.3,South
01H0447N_01F0340N,泰山轉接道-五股,01H0447N,泰山轉接道,00001B0104400H,121.332072,25.059242,01F0340N,五股,0000100103380F,121.428056,25.068,10.7,North
01H0447N_01H0333N,泰山轉接道-五股轉接道,01H0447N,泰山轉接道,00001B0104400H,121.332072,25.059242,01H0333N,五股轉接道,00001B0103310F,121.435133,25.068147,11.4,North
01H0447S_01H0579S,機場系統-中壢轉接道,01H0447S,機場系統,00001B0004400H,121.331858,25.060125,01H0579S,中壢轉接道,00001B0005700H,121.232531,24.984094,13.2,South
01H0579N_01H0447N,機場系統-泰山轉接道,01H0579N,機場系統,00001B0105700H,121.232981,24.983667,01H0447N,泰山轉接道,00001B0104400H,121.332072,25.059242,13.2,North
01H0579S_01F0633S,中壢轉接道-平鎮系統,01H0579S,中壢轉接道,00001B0005700H,121.232531,24.984094,01F0633S,平鎮系統,0000100006300H,121.195594,24.949281,5.5,South
01H0579S_01H0610S,中壢轉接道-校前路,01H0579S,中壢轉接道,00001B0005700H,121.232531,24.984094,01H0610S,校前路,00001B0006020H,121.209867,24.96525,3.1,South
01H0608N_01F0584N,中壢轉接道-內壢,01H0608N,中壢轉接道,00001B0106020H,121.211614,24.965878,01F0584N,內壢,0000100105800H,121.228944,24.980558,2.4,North
01H0608N_01H0579N,中壢轉接道-機場系統,01H0608N,中壢轉接道,00001B0106020H,121.211614,24.965878,01H0579N,機場系統,00001B0105700H,121.232981,24.983667,2.9,North
01H0610S_01F0750S,校前路-湖口,01H0610S,校前路,00001B0006020H,121.209867,24.96525,01F0750S,湖口,0000100007400H,121.111731,24.893436,13.9,South
03A0015S_03A0041S,萬芳-木柵,03A0015S,萬芳,0000310000100A,121.562375,25.011819,03A0041S,木柵,0000310000410A,121.586039,25.003864,2.6,South
03A0041N_03A0015N,萬芳-台北端,03A0041N,萬芳,0000310100410A,121.586039,25.003864,03A0015N,台北端,0000310100100A,121.562375,25.011819,2.6,North
03A0041S_03F0201N,木柵-南港系統&南深路出口匝道,03A0041S,木柵,0000310000410A,121.586039,25.003864,03F0201N,南港系統&南深路出口匝道,0000300102000F,121.596381,25.007375,1.8,North
03A0041S_03F0217S,木柵-新店,03A0041S,木柵,0000310000410A,121.586039,25.003864,03F0217S,新店,0000300002110A,121.592933,24.993567,1.7,South
03F0006S_01F0061S,瑪東系統-五堵,03F0006S,瑪東系統,0000300000070C,121.708908,25.137106,01F0061S,五堵,0000100000600C,121.693644,25.088272,6.8,South
03F0006S_03F0087S,瑪東系統-汐止系統,03F0006S,瑪東系統,0000300000070C,121.708908,25.137106,03F0087S,汐止系統,0000300000870F,121.653556,25.089994,8.1,South
03F0054N_01F0061S,瑪東系統-五堵,03F0054N,瑪東系統,0000300100520C,121.681789,25.103747,01F0061S,五堵,0000100000600C,121.693644,25.088272,7.6,South
03F0054N_03F0021N,瑪東系統-基金,03F0054N,瑪東系統,0000300100520C,121.681789,25.103747,03F0021N,基金,0000300100200C,121.698631,25.129514,3.3,North
03F0087S_01F0099N,汐止系統-五堵,03F0087S,汐止系統,0000300000870F,121.653556,25.089994,01F0099N,五堵,0000100100900F,121.659422,25.076044,4.2,North
03F0087S_01F0147S,汐止系統-東湖,03F0087S,汐止系統,0000300000870F,121.653556,25.089994,01F0147S,東湖,0000100001440A,121.613519,25.065644,5.4,South
03F0087S_01H0163S,汐止系統-堤頂,03F0087S,汐止系統,0000300000870F,121.653556,25.089994,01H0163S,堤頂,00001A0001600A,121.598733,25.064006,6.9,South
03F0087S_03F0116S,汐止系統-新台五路,03F0087S,汐止系統,0000300000870F,121.653556,25.089994,03F0116S,新台五路,0000300001160F,121.643467,25.065611,2.9,South
03F0116N_01F0099N,汐止系統-五堵,03F0116N,汐止系統,0000300101150F,121.643467,25.065611,01F0099N,五堵,0000100100900F,121.659422,25.076044,2.2,North
03F0116N_01F0147S,汐止系統-東湖,03F0116N,汐止系統,0000300101150F,121.643467,25.065611,01F0147S,東湖,0000100001440A,121.613519,25.065644,4.9,South
03F0116N_01H0163S,汐止系統-堤頂,03F0116N,汐止系統,0000300101150F,121.643467,25.065611,01H0163S,堤頂,00001A0001600A,121.598733,25.064006,6.4,South
03F0116N_03F0054N,汐止系統-瑪東系統,03F0116N,汐止系統,0000300101150F,121.643467,25.065611,03F0054N,瑪東系統,0000300100520C,121.681789,25.103747,6.2,North
03F0116S_03F0136S,新台五路-南港,03F0116S,新台五路,0000300001160F,121.643467,25.065611,03F0136S,南港,0000300001360F,121.631281,25.052742,2,South
03F0136S_03F0158S,南港-南港系統,03F0136S,南港,0000300001360F,121.631281,25.052742,03F0158S,南港系統,0000300001550A,121.621386,25.036533,2.2,South
03F0140N_03F0116N,新台五路-汐止系統,03F0140N,新台五路,0000300101400F,121.628156,25.050319,03F0116N,汐止系統,0000300101150F,121.643467,25.065611,2.4,North
03F0150N_03F0140N,南港-新台五路,03F0150N,南港,0000301105010F,121.624789,25.042389,03F0140N,新台五路,0000300101400F,121.628156,25.050319,1,North
03F0158S_03F0201S,南港系統-木柵,03F0158S,南港系統,0000300001550A,121.621386,25.036533,03F0201S,木柵,0000300001990F,121.595981,25.007436,4.3,South
03F0158S_05F0000S,南港系統-石碇,03F0158S,南港系統,0000300001550A,121.621386,25.036533,05F0000S,石碇,0000501001000A,121.62302,25.035183,0.8,South
03F0201N_03F0150N,南港系統&南深路出口匝道-南港,03F0201N,南港系統&南深路出口匝道,0000300102000F,121.596381,25.007375,03F0150N,南港,0000301105010F,121.624789,25.042389,5.1,North
03F0201N_05F0000S,南港系統&南深路出口匝道-石碇,03F0201N,南港系統&南深路出口匝道,0000300102000F,121.596381,25.007375,05F0000S,石碇,0000501001000A,121.62302,25.035183,4.4,South
03F0201S_03A0041N,木柵-萬芳,03F0201S,木柵,0000300001990F,121.595981,25.007436,03A0041N,萬芳,0000310100410A,121.586039,25.003864,1.4,North
03F0201S_03F0217S,木柵-新店,03F0201S,木柵,0000300001990F,121.595981,25.007436,03F0217S,新店,0000300002110A,121.592933,24.993567,1.6,South
03F0217N_03A0041N,木柵-萬芳,03F0217N,木柵,0000300102160A,121.593367,24.993744,03A0041N,萬芳,0000310100410A,121.586039,25.003864,2.2,North
03F0217N_03F0201N,木柵-南港系統&南深路出口匝道,03F0217N,木柵,0000300102160A,121.593367,24.993744,03F0201N,南港系統&南深路出口匝道,0000300102000F,121.596381,25.007375,1.6,North
03F0217S_03F0301S,新店-安坑,03F0217S,新店,0000300002110A,121.592933,24.993567,03F0301S,安坑,0000300003000F,121.530572,24.96255,8.4,South
03F0301N_03F0217N,新店-木柵,03F0301N,新店,0000300103000F,121.530572,24.96255,03F0217N,木柵,0000300102160A,121.593367,24.993744,8.4,North
03F0301S_03F0337S,安坑-中和,03F0301S,安坑,0000300003000F,121.530572,24.96255,03F0337S,中和,0000300003310F,121.502381,24.978881,3.6,South
03F0337S_03F0385S,中和-土城,03F0337S,中和,0000300003310F,121.502381,24.978881,03F0385S,土城,0000300003900F,121.463693,24.976531,4.8,South
03F0338N_03F0301N,安坑-新店,03F0338N,安坑,0000300103320F,121.501744,24.978586,03F0301N,新店,0000300103000F,121.530572,24.96255,3.7,North
03F0385N_03F0338N,中和-安坑,03F0385N,中和,0000300103900F,121.463693,24.976531,03F0338N,安坑,0000300103320F,121.501744,24.978586,4.7,North
03F0385S_03F0447S,土城-樹林,03F0385S,土城,0000300003900F,121.463693,24.976531,03F0447S,樹林,0000300004400F,121.412681,24.950503,6.2,South
03F0447N_03F0385N,土城-中和,03F0447N,土城,0000300104400F,121.412681,24.950503,03F0385N,中和,0000300103900F,121.463693,24.976531,6.2,North
03F0447S_03F0498S,樹林-三鶯,03F0447S,樹林,0000300004400F,121.412681,24.950503,03F0498S,三鶯,0000300004900F,121.365275,24.943825,5.1,South
03F0498N_03F0447N,樹林-土城,03F0498N,樹林,0000300104900F,121.365275,24.943825,03F0447N,土城,0000300104400F,121.412681,24.950503,5.1,North
03F0498S_03F0525S,三鶯-鶯歌系統,03F0498S,三鶯,0000300004900F,121.365275,24.943825,03F0525S,鶯歌系統,0000300005200F,121.3419,24.936025,2.7,South
03F0525N_03F0498N,三鶯-樹林,03F0525N,三鶯,0000300105200F,121.3419,24.936025,03F0498N,樹林,0000300104900F,121.365275,24.943825,2.7,North
03F0525S_01F0511N,鶯歌系統-桃園(南),03F0525S,鶯歌系統,0000300005200F,121.3419,24.936025,01F0511N,桃園(南),0000100105100H,121.281731,25.025953,14.3,North
03F0525S_01F0532S,鶯歌系統-中壢服務區,03F0525S,鶯歌系統,0000300005200F,121.3419,24.936025,01F0532S,中壢服務區,0000100005310H,121.266194,25.012944,14.4,South
03F0525S_03F0559S,鶯歌系統-大溪,03F0525S,鶯歌系統,0000300005200F,121.3419,24.936025,03F0559S,大溪,0000300005520H,121.312458,24.930225,3.4,South
03F0559N_01F0511N,鶯歌系統-桃園(南),03F0559N,鶯歌系統,0000300105520H,121.312458,24.930225,01F0511N,桃園(南),0000100105100H,121.281731,25.025953,14.4,North
03F0559N_01F0532S,鶯歌系統-中壢服務區,03F0559N,鶯歌系統,0000300105520H,121.312458,24.930225,01F0532S,中壢服務區,0000100005310H,121.266194,25.012944,14.5,South
03F0559N_03F0525N,鶯歌系統-三鶯,03F0559N,鶯歌系統,0000300105520H,121.312458,24.930225,03F0525N,三鶯,0000300105200F,121.3419,24.936025,3.4,North
03F0559S_03F0648S,大溪-龍潭,03F0559S,大溪,0000300005520H,121.312458,24.930225,03F0648S,龍潭,0000300006400H,121.250839,24.878792,8.9,South
03F0648N_03F0559N,大溪-鶯歌系統,03F0648N,大溪,0000300106400H,121.250839,24.878792,03F0559N,鶯歌系統,0000300105520H,121.312458,24.930225,8.9,North
03F0648S_03F0698S,龍潭-高原,03F0648S,龍潭,0000300006400H,121.250839,24.878792,03F0698S,高原,0000300006900H,121.208581,24.856558,5,South
03F0698N_03F0648N,龍潭-大溪,03F0698N,龍潭,0000300106900H,121.208581,24.856558,03F0648N,大溪,0000300106400H,121.250839,24.878792,5,North
03F0698S_03F0746S,高原-關西服務區,03F0698S,高原,0000300006900H,121.208581,24.856558,03F0746S,關西服務區,0000300007460J,121.200339,24.816364,4.8,South
03F0746N_03F0698N,高原-龍潭,03F0746N,高原,0000300107460J,121.200339,24.816364,03F0698N,龍潭,0000300106900H,121.208581,24.856558,4.8,North
03F0746S_03F0783S,關西服務區-關西,03F0746S,關西服務區,0000300007460J,121.200339,24.816364,03F0783S,關西,0000300007800J,121.179128,24.797339,3.7,South
03F0783N_03F0746N,關西服務區-高原,03F0783N,關西服務區,0000300107810J,121.179128,24.797339,03F0746N,高原,0000300107460J,121.200339,24.816364,3.7,North
03F0783S_03F0846S,關西-竹林,03F0783S,關西,0000300007800J,121.179128,24.797339,03F0846S,竹林,0000300008400J,121.125997,24.791439,6.3,South
03F0846N_03F0783N,關西-關西服務區,03F0846N,關西,0000300108400J,121.125997,24.791439,03F0783N,關西服務區,0000300107810J,121.179128,24.797339,6.3,North
03F0846S_03F0961S,竹林-寶山,03F0846S,竹林,0000300008400J,121.125997,24.791439,03F0961S,寶山,0000300009600J,121.030425,24.758442,11.5,South
03F0961N_03F0846N,竹林-關西,03F0961N,竹林,0000300109600J,121.030425,24.758442,03F0846N,關西,0000300108400J,121.125997,24.791439,11.5,North
03F0961S_03F0996S,寶山-新竹系統,03F0961S,寶山,0000300009600J,121.030425,24.758442,03F0996S,新竹系統,0000300009940J,120.997269,24.755811,3.5,South
03F0996N_03F0961N,寶山-竹林,03F0996N,寶山,0000300109940J,120.997269,24.755811,03F0961N,竹林,0000300109600J,121.030425,24.758442,3.5,North
03F0996S_01F0979N,新竹系統-新竹(南),03F0996S,新竹系統,0000300009940J,120.997269,24.755811,01F0979N,新竹(南),0000100109740J,120.999897,24.764414,1.9,North
03F0996S_01F1045S,新竹系統-頭份,03F0996S,新竹系統,0000300009940J,120.997269,24.755811,01F1045S,頭份,0000100010400J,120.951897,24.727131,6.3,South
03F0996S_03F1022S,新竹系統-茄苳,03F0996S,新竹系統,0000300009940J,120.997269,24.755811,03F1022S,茄苳,0000300010200J,120.972267,24.757914,2.6,South
03F1022N_01F0979N,新竹系統-新竹(南),03F1022N,新竹系統,0000300110200J,120.972267,24.757914,01F0979N,新竹(南),0000100109740J,120.999897,24.764414,3.1,North
03F1022N_01F1045S,新竹系統-頭份,03F1022N,新竹系統,0000300110200J,120.972267,24.757914,01F1045S,頭份,0000100010400J,120.951897,24.727131,6.2,South
03F1022N_03F0996N,新竹系統-寶山,03F1022N,新竹系統,0000300110200J,120.972267,24.757914,03F0996N,寶山,0000300109940J,120.997269,24.755811,2.6,North
03F1022S_03F1051S,茄苳-香山,03F1022S,茄苳,0000300010200J,120.972267,24.757914,03F1051S,香山,0000300010500O,120.945675,24.753094,2.9,South
03F1051N_03F1022N,茄苳-新竹系統,03F1051N,茄苳,0000300110500O,120.945675,24.753094,03F1022N,新竹系統,0000300110200J,120.972267,24.757914,2.9,North
03F1051S_03F1128S,香山-西濱,03F1051S,香山,0000300010500O,120.945675,24.753094,03F1128S,西濱,0000300011200K,120.889639,24.711383,7.7,South
03F1128N_03F1051N,香山-茄苳,03F1128N,香山,0000300111200K,120.889639,24.711383,03F1051N,茄苳,0000300110500O,120.945675,24.753094,7.7,North
03F1128S_03F1161S,西濱-竹南,03F1128S,西濱,0000300011200K,120.889639,24.711383,03F1161S,竹南,0000300011600K,120.860086,24.698006,3.3,South
03F1161N_03F1128N,西濱-香山,03F1161N,西濱,0000300111600K,120.860086,24.698006,03F1128N,香山,0000300111200K,120.889639,24.711383,3.3,North
03F1161S_03F1215S,竹南-大山,03F1161S,竹南,0000300011600K,120.860086,24.698006,03F1215S,大山,0000300012100K,120.838242,24.655964,5.4,South
03F1215N_03F1161N,竹南-西濱,03F1215N,竹南,0000300112100K,120.838242,24.655964,03F1161N,西濱,0000300111600K,120.860086,24.698006,5.4,North
03F1215S_03F1257S,大山-後龍,03F1215S,大山,0000300012100K,120.838242,24.655964,03F1257S,後龍,0000300012520K,120.814006,24.627161,4.2,South
03F1257N_03F1215N,大山-竹南,03F1257N,大山,0000300112520K,120.814006,24.627161,03F1215N,竹南,0000300112100K,120.838242,24.655964,4.2,North
03F1257S_03F1332S,後龍-西湖服務區,03F1257S,後龍,0000300012520K,120.814006,24.627161,03F1332S,西湖服務區,0000300013300K,120.76442,24.579641,7.5,South
03F1332N_03F1257N,後龍-大山,03F1332N,後龍,0000300113300K,120.76442,24.579641,03F1257N,大山,0000300112520K,120.814006,24.627161,7.5,North
03F1332S_03F1395S,西湖服務區-通霄,03F1332S,西湖服務區,0000300013300K,120.76442,24.579641,03F1395S,通霄,0000300013900K,120.73325,24.531124,6.3,South
03F1395N_03F1332N,西湖服務區-後龍,03F1395N,西湖服務區,0000300113900K,120.73325,24.531124,03F1332N,後龍,0000300113300K,120.76442,24.579641,6.3,North
03F1395S_03F1485S,通霄-苑裡,03F1395S,通霄,0000300013900K,120.73325,24.531124,03F1485S,苑裡,0000300014800K,120.68121,24.467308,9,South
03F1485N_03F1395N,通霄-西湖服務區,03F1485N,通霄,0000300114800K,120.68121,24.467308,03F1395N,西湖服務區,0000300113900K,120.73325,24.531124,9,North
03F1485S_03F1633S,苑裡-大甲,03F1485S,苑裡,0000300014800K,120.68121,24.467308,03F1633S,大甲,0000300016300B,120.651566,24.34112,14.8,South
03F1633N_03F1485N,苑裡-通霄,03F1633N,苑裡,0000300116300B,120.651566,24.34112,03F1485N,通霄,0000300114800K,120.68121,24.467308,14.8,North
03F1633S_03F1651S,大甲-中港系統,03F1633S,大甲,0000300016300B,120.651566,24.34112,03F1651S,中港系統,0000300016500B,120.635574,24.334719,1.8,South
03F1651N_03F1633N,大甲-苑裡,03F1651N,大甲,0000300116520B,120.635574,24.334719,03F1633N,苑裡,0000300116300B,120.651566,24.34112,1.8,North
03F1651S_01F1621N,中港系統-后里,03F1651S,中港系統,0000300016500B,120.635574,24.334719,01F1621N,后里,0000100116200B,120.697325,24.301186,17.1,North
03F1651S_01F1664S,中港系統-豐原,03F1651S,中港系統,0000300016500B,120.635574,24.334719,01F1664S,豐原,0000100016610B,120.691956,24.262647,13.9,South
03F1651S_03F1710S,中港系統-清水服務區,03F1651S,中港系統,0000300016500B,120.635574,24.334719,03F1710S,清水服務區,0000300017100B,120.60197,24.292881,5.9,South
03F1710N_01F1621N,中港系統-后里,03F1710N,中港系統,0000300117100B,120.60197,24.292881,01F1621N,后里,0000100116200B,120.697325,24.301186,15.2,North
03F1710N_01F1664S,中港系統-豐原,03F1710N,中港系統,0000300117100B,120.60197,24.292881,01F1664S,豐原,0000100016610B,120.691956,24.262647,12,South
03F1710N_03F1651N,中港系統-大甲,03F1710N,中港系統,0000300117100B,120.60197,24.292881,03F1651N,大甲,0000300116520B,120.635574,24.334719,5.9,North
03F1710S_03F1739S,清水服務區-沙鹿,03F1710S,清水服務區,0000300017100B,120.60197,24.292881,03F1739S,沙鹿,0000300017400B,120.590805,24.269464,2.9,South
03F1739N_03F1710N,清水服務區-中港系統,03F1739N,清水服務區,0000300117400B,120.590805,24.269464,03F1710N,中港系統,0000300117100B,120.60197,24.292881,2.9,North
03F1739S_03F1779S,沙鹿-龍井,03F1739S,沙鹿,0000300017400B,120.590805,24.269464,03F1779S,龍井,0000300017700B,120.59331,24.234648,4,South
03F1779N_03F1739N,沙鹿-清水服務區,03F1779N,沙鹿,0000300117700B,120.59331,24.234648,03F1739N,清水服務區,0000300117400B,120.590805,24.269464,4,North
03F1779S_03F1860S,龍井-和美,03F1779S,龍井,0000300017700B,120.59331,24.234648,03F1860S,和美,0000300018600B,120.54824,24.177832,8.1,South
03F1860N_03F1779N,龍井-沙鹿,03F1860N,龍井,0000300118600B,120.54824,24.177832,03F1779N,沙鹿,0000300117700B,120.59331,24.234648,8.1,North
03F1860S_03F1944S,和美-彰化系統,03F1860S,和美,0000300018600B,120.54824,24.177832,03F1944S,彰化系統,0000300019400N,120.53669,24.11901,8.4,South
03F1941N_03F1860N,和美-龍井,03F1941N,和美,0000300119400N,120.534546,24.120947,03F1860N,龍井,0000300118600B,120.54824,24.177832,8.1,North
03F1944S_01F1906N,彰化系統-王田,03F1944S,彰化系統,0000300019400N,120.53669,24.11901,01F1906N,王田,0000100119050B,120.568131,24.113572,5.2,North
03F1944S_01F1960S,彰化系統-彰化,03F1944S,彰化系統,0000300019400N,120.53669,24.11901,01F1960S,彰化,0000100019600N,120.52785,24.085622,6.1,South
03F1944S_03F1991S,彰化系統-快官,03F1944S,彰化系統,0000300019400N,120.53669,24.11901,03F1991S,快官,0000300019900N,120.57766,24.102808,4.7,South
03F1991S_03F2066S,快官-烏日,03F1991S,快官,0000300019900N,120.57766,24.102808,03F2066S,烏日,0000300020600B,120.63971,24.070333,7.5,South
03F1992N_01F1906N,彰化系統-王田,03F1992N,彰化系統,0000300119900N,120.57875,24.102526,01F1906N,王田,0000100119050B,120.568131,24.113572,5.6,North
03F1992N_01F1960S,彰化系統-彰化,03F1992N,彰化系統,0000300119900N,120.57875,24.102526,01F1960S,彰化,0000100019600N,120.52785,24.085622,6.5,South
03F1992N_03F1941N,彰化系統-和美,03F1992N,彰化系統,0000300119900N,120.57875,24.102526,03F1941N,和美,0000300119400N,120.534546,24.120947,5.1,North
03F2066N_03F1992N,快官-彰化系統,03F2066N,快官,0000300120600B,120.63971,24.070333,03F1992N,彰化系統,0000300119900N,120.57875,24.102526,7.4,North
03F2066S_03F2079S,烏日-中投,03F2066S,烏日,0000300020600B,120.63971,24.070333,03F2079S,中投,0000300020800B,120.65236,24.067778,1.3,South
03F2078N_03F2066N,烏日-快官,03F2078N,烏日,0000300120800B,120.651436,24.067959,03F2066N,快官,0000300120600B,120.63971,24.070333,1.2,North
03F2079S_03F2100S,中投-霧峰,03F2079S,中投,0000300020800B,120.65236,24.067778,03F2100S,霧峰,0000300021000B,120.67097,24.060654,2.1,South
03F2100N_03F2078N,中投-烏日,03F2100N,中投,0000300121000B,120.67153,24.060429,03F2078N,烏日,0000300120800B,120.651436,24.067959,2.2,North
03F2100S_03F2129S,霧峰-霧峰系統,03F2100S,霧峰,0000300021000B,120.67097,24.060654,03F2129S,霧峰系統,0000300021300B,120.67593,24.037418,2.9,South
03F2125N_03F2100N,霧峰-中投,03F2125N,霧峰,0000300121220B,120.67786,24.040995,03F2100N,中投,0000300121000B,120.67153,24.060429,2.5,North
03F2129S_03F2152S,霧峰系統-草屯,03F2129S,霧峰系統,0000300021300B,120.67593,24.037418,03F2152S,草屯,0000300021510N,120.66322,24.019993,2.3,South
03F2152S_03F2194S,草屯-中興系統,03F2152S,草屯,0000300021510N,120.66322,24.019993,03F2194S,中興系統,0000300021900M,120.65272,23.985844,4.2,South
03F2153N_03F2125N,霧峰系統-霧峰,03F2153N,霧峰系統,0000300121510N,120.66316,24.018944,03F2125N,霧峰,0000300121220B,120.67786,24.040995,2.8,North
03F2194N_03F2153N,草屯-霧峰系統,03F2194N,草屯,0000300121900M,120.65272,23.985844,03F2153N,霧峰系統,0000300121510N,120.66316,24.018944,4.1,North
03F2194S_01F2011N,中興系統-彰化,03F2194S,中興系統,0000300021900M,120.65272,23.985844,01F2011N,彰化,0000100120100N,120.522786,24.040639,27.2,North
03F2194S_01F2089S,中興系統-員林,03F2194S,中興系統,0000300021900M,120.65272,23.985844,01F2089S,員林,0000100020900N,120.506117,23.971794,22.8,South
03F2194S_03F2235S,中興系統-中興,03F2194S,中興系統,0000300021900M,120.65272,23.985844,03F2235S,中興,0000300022340M,120.66127,23.955503,4.1,South
03F2231N_01F2011N,中興系統-彰化,03F2231N,中興系統,0000300122300M,120.657616,23.957104,01F2011N,彰化,0000100120100N,120.522786,24.040639,25.2,North
03F2231N_01F2089S,中興系統-員林,03F2231N,中興系統,0000300122300M,120.657616,23.957104,01F2089S,員林,0000100020900N,120.506117,23.971794,20.9,South
03F2231N_03F2194N,中興系統-草屯,03F2231N,中興系統,0000300122300M,120.657616,23.957104,03F2194N,草屯,0000300121900M,120.65272,23.985844,3.7,North
03F2235S_03F2261S,中興-南投,03F2235S,中興,0000300022340M,120.66127,23.955503,03F2261S,南投,0000300022600M,120.67704,23.9376,2.6,South
03F2260N_03F2231N,中興-中興系統,03F2260N,中興,0000300122600M,120.67685,23.937927,03F2231N,中興系統,0000300122300M,120.657616,23.957104,2.9,North
03F2261S_03F2306S,南投-南投服務區,03F2261S,南投,0000300022600M,120.67704,23.9376,03F2306S,南投服務區,0000300023000M,120.70283,23.90678,4.5,South
03F2306N_03F2260N,南投-中興,03F2306N,南投,0000300123000M,120.70283,23.90678,03F2260N,中興,0000300122600M,120.67685,23.937927,4.6,North
03F2306S_03F2336S,南投服務區-名間,03F2306S,南投服務區,0000300023000M,120.70283,23.90678,03F2336S,名間,0000300023300M,120.70918,23.88203,3,South
03F2336N_03F2306N,南投服務區-南投,03F2336N,南投服務區,0000300123300M,120.70918,23.88203,03F2306N,南投,0000300123000M,120.70283,23.90678,3,North
03F2336S_03F2415S,名間-竹山,03F2336S,名間,0000300023300M,120.70918,23.88203,03F2415S,竹山,0000300024100M,120.700005,23.814837,7.9,South
03F2415N_03F2336N,名間-南投服務區,03F2415N,名間,0000300124100M,120.700005,23.814837,03F2336N,南投服務區,0000300123300M,120.70918,23.88203,7.9,North
03F2415S_03F2447S,竹山-南雲,03F2415S,竹山,0000300024100M,120.700005,23.814837,03F2447S,南雲,0000300024400M,120.70452,23.787485,3.2,South
03F2447N_03F2415N,竹山-名間,03F2447N,竹山,0000300124430M,120.70452,23.787485,03F2415N,名間,0000300124100M,120.700005,23.814837,3.2,North
03F2447S_03F2535S,南雲-斗六,03F2447S,南雲,0000300024400M,120.70452,23.787485,03F2535S,斗六,0000300025300P,120.6259,23.775581,8.8,South
03F2535N_03F2447N,南雲-竹山,03F2535N,南雲,0000300125300P,120.6259,23.775581,03F2447N,竹山,0000300124430M,120.70452,23.787485,8.8,North
03F2535S_03F2614S,斗六-古坑(北)&古坑系統,03F2535S,斗六,0000300025300P,120.6259,23.775581,03F2614S,古坑(北)&古坑系統,0000300026120P,120.60178,23.724424,7.9,South
03F2614N_03F2535N,斗六-南雲,03F2614N,斗六,0000300126120P,120.60178,23.724424,03F2535N,南雲,0000300125300P,120.6259,23.775581,7.9,North
03F2614S_01F2425N,古坑(北)&古坑系統-斗南,03F2614S,古坑(北)&古坑系統,0000300026120P,120.60178,23.724424,01F2425N,斗南,0000100124200P,120.462281,23.677375,21.5,North
03F2614S_01F2472S,古坑(北)&古坑系統-大林,03F2614S,古坑(北)&古坑系統,0000300026120P,120.60178,23.724424,01F2472S,大林,0000100024700P,120.443114,23.639556,24.5,South
03F2614S_03F2709S,古坑(北)&古坑系統-古坑(南),03F2614S,古坑(北)&古坑系統,0000300026120P,120.60178,23.724424,03F2709S,古坑(南),0000300027100P,120.57295,23.649141,9.5,South
03F2709N_01F2425N,古坑(北)&古坑系統-斗南,03F2709N,古坑(北)&古坑系統,0000300127100P,120.572914,23.649279,01F2425N,斗南,0000100124200P,120.462281,23.677375,15.6,North
03F2709N_01F2472S,古坑(北)&古坑系統-大林,03F2709N,古坑(北)&古坑系統,0000300127100P,120.572914,23.649279,01F2472S,大林,0000100024700P,120.443114,23.639556,18.6,South
03F2709N_03F2614N,古坑(北)&古坑系統-斗六,03F2709N,古坑(北)&古坑系統,0000300127100P,120.572914,23.649279,03F2614N,斗六,0000300126120P,120.60178,23.724424,9.5,North
03F2709S_03F2747S,古坑(南)-古坑服務區,03F2709S,古坑(南),0000300027100P,120.57295,23.649141,03F2747S,古坑服務區,0000300027500P,120.55856,23.618202,3.8,South
03F2747N_03F2709N,古坑(南)-古坑(北)&古坑系統,03F2747N,古坑(南),0000300127500P,120.55856,23.618202,03F2709N,古坑(北)&古坑系統,0000300127100P,120.572914,23.649279,3.8,North
03F2747S_03F2777S,古坑服務區-梅山,03F2747S,古坑服務區,0000300027500P,120.55856,23.618202,03F2777S,梅山,0000300027800P,120.53251,23.606792,3,South
03F2777N_03F2747N,古坑服務區-古坑(南),03F2777N,古坑服務區,0000300127800P,120.53251,23.606792,03F2747N,古坑(南),0000300127500P,120.55856,23.618202,3,North
03F2777S_03F2840S,梅山-竹崎(北),03F2777S,梅山,0000300027800P,120.53251,23.606792,03F2840S,竹崎(北),0000300028400Q,120.50506,23.558125,6.3,South
03F2840N_03F2777N,梅山-古坑服務區,03F2840N,梅山,0000300128400Q,120.50506,23.558125,03F2777N,古坑服務區,0000300127800P,120.53251,23.606792,6.3,North
03F2840S_03F2899S,竹崎(北)-竹崎(南),03F2840S,竹崎(北),0000300028400Q,120.50506,23.558125,03F2899S,竹崎(南),0000300029000Q,120.48633,23.511683,5.9,South
03F2899N_03F2840N,竹崎(北)-梅山,03F2899N,竹崎(北),0000300129000Q,120.48633,23.511683,03F2840N,梅山,0000300128400Q,120.50506,23.558125,5.9,North
03F2899S_03F2923S,竹崎(南)-中埔,03F2899S,竹崎(南),0000300029000Q,120.48633,23.511683,03F2923S,中埔,0000300029210Q,120.49458,23.492079,2.4,South
03F2923N_03F2899N,竹崎(南)-竹崎(北),03F2923N,竹崎(南),0000300129220Q,120.49458,23.492079,03F2899N,竹崎(北),0000300129000Q,120.48633,23.511683,2.4,North
03F2923S_03F2985S,中埔-水上系統,03F2923S,中埔,0000300029210Q,120.49458,23.492079,03F2985S,水上系統,0000300029840Q,120.4812,23.442486,6.2,South
03F2985N_03F2923N,中埔-竹崎(南),03F2985N,中埔,0000300129850Q,120.4812,23.442486,03F2923N,竹崎(南),0000300129220Q,120.49458,23.492079,6.2,North
03F2985S_01F2714N,水上系統-水上,03F2985S,水上系統,0000300029840Q,120.4812,23.442486,01F2714N,水上,0000100127110Q,120.361561,23.436367,15.1,North
03F2985S_01F2827S,水上系統-新營服務區,03F2985S,水上系統,0000300029840Q,120.4812,23.442486,01F2827S,新營服務區,0000100028300D,120.322192,23.347469,24.3,South
03F2985S_03F3101S,水上系統-白河,03F2985S,水上系統,0000300029840Q,120.4812,23.442486,03F3101S,白河,0000300031000D,120.436356,23.361254,11.6,South
03F3101N_01F2714N,水上系統-水上,03F3101N,水上系統,0000300131000D,120.436356,23.361254,01F2714N,水上,0000100127110Q,120.361561,23.436367,22.9,North
03F3101N_01F2827S,水上系統-新營服務區,03F3101N,水上系統,0000300131000D,120.436356,23.361254,01F2827S,新營服務區,0000100028300D,120.322192,23.347469,32.1,South
03F3101N_03F2985N,水上系統-中埔,03F3101N,水上系統,0000300131000D,120.436356,23.361254,03F2985N,中埔,0000300129850Q,120.4812,23.442486,11.6,North
03F3101S_03F3187S,白河-東山服務區,03F3101S,白河,0000300031000D,120.436356,23.361254,03F3187S,東山服務區,0000300031900D,120.40417,23.296692,8.6,South
03F3187N_03F3101N,白河-水上系統,03F3187N,白河,0000300131900D,120.40417,23.296692,03F3101N,水上系統,0000300131000D,120.436356,23.361254,8.6,North
03F3187S_03F3211S,東山服務區-柳營,03F3187S,東山服務區,0000300031900D,120.40417,23.296692,03F3211S,柳營,0000300032120D,120.39025,23.279282,2.4,South
03F3211N_03F3187N,東山服務區-白河,03F3211N,東山服務區,0000300132120D,120.39025,23.279282,03F3187N,白河,0000300131900D,120.40417,23.296692,2.4,North
03F3211S_03F3259S,柳營-烏山頭,03F3211S,柳營,0000300032120D,120.39025,23.279282,03F3259S,烏山頭,0000300032600D,120.36738,23.244993,4.8,South
03F3259N_03F3211N,柳營-東山服務區,03F3259N,柳營,0000300132600D,120.36738,23.244993,03F3211N,東山服務區,0000300132120D,120.39025,23.279282,4.8,North
03F3259S_03F3307S,烏山頭-官田系統,03F3259S,烏山頭,0000300032600D,120.36738,23.244993,03F3307S,官田系統,0000300033100D,120.35546,23.203276,4.8,South
03F3307N_03F3259N,烏山頭-柳營,03F3307N,烏山頭,0000300133100D,120.35546,23.203276,03F3259N,柳營,0000300132600D,120.36738,23.244993,4.8,North
03F3307S_01F2930N,官田系統-新營,03F3307S,官田系統,0000300033100D,120.35546,23.203276,01F2930N,新營,0000100129300D,120.265769,23.272589,24.1,North
03F3307S_01F3019S,官田系統-麻豆,03F3307S,官田系統,0000300033100D,120.35546,23.203276,01F3019S,麻豆,0000100030200D,120.236422,23.197286,20.7,South
03F3307S_03F3392S,官田系統-善化,03F3307S,官田系統,0000300033100D,120.35546,23.203276,03F3392S,善化,0000300033900D,120.33371,23.132065,8.5,South
03F3392N_01F2930N,官田系統-新營,03F3392N,官田系統,0000300133900D,120.33371,23.132065,01F2930N,新營,0000100129300D,120.265769,23.272589,25,North
03F3392N_01F3019S,官田系統-麻豆,03F3392N,官田系統,0000300133900D,120.33371,23.132065,01F3019S,麻豆,0000100030200D,120.236422,23.197286,21.7,South
03F3392N_03F3307N,官田系統-烏山頭,03F3392N,官田系統,0000300133900D,120.33371,23.132065,03F3307N,烏山頭,0000300133100D,120.35546,23.203276,8.5,North
03F3392S_03F3445S,善化-新化系統,03F3392S,善化,0000300033900D,120.33371,23.132065,03F3445S,新化系統,0000300034400D,120.32903,23.085272,5.3,South
03F3445N_03F3392N,善化-官田系統,03F3445N,善化,0000300134400D,120.32903,23.085272,03F3392N,官田系統,0000300133900D,120.33371,23.132065,5.3,North
03F3445S_01F3126N,新化系統-安定,03F3445S,新化系統,0000300034400D,120.32903,23.085272,01F3126N,安定,0000100131220D,120.247681,23.104817,13.1,North
03F3445S_01F3185S,新化系統-永康,03F3445S,新化系統,0000300034400D,120.32903,23.085272,01F3185S,永康,0000100031900D,120.253025,23.051311,14.1,South
03F3445S_03F3496S,新化系統-關廟,03F3445S,新化系統,0000300034400D,120.32903,23.085272,03F3496S,關廟,0000300035000D,120.32517,23.040203,5.1,South
03F3496N_01F3126N,新化系統-安定,03F3496N,新化系統,0000300135000D,120.32517,23.040203,01F3126N,安定,0000100131220D,120.247681,23.104817,13.6,North
03F3496N_01F3185S,新化系統-永康,03F3496N,新化系統,0000300135000D,120.32517,23.040203,01F3185S,永康,0000100031900D,120.253025,23.051311,14.6,South
03F3496N_03F3445N,新化系統-善化,03F3496N,新化系統,0000300135000D,120.32517,23.040203,03F3445N,善化,0000300134400D,120.32903,23.085272,5.1,North
03F3496S_03F3588S,關廟-關廟服務區,03F3496S,關廟,0000300035000D,120.32517,23.040203,03F3588S,關廟服務區,0000300035900D,120.340164,22.969757,9.2,South
03F3588N_03F3496N,關廟-新化系統,03F3588N,關廟,0000300135900D,120.340164,22.969757,03F3496N,新化系統,0000300135000D,120.32517,23.040203,9.2,North
03F3588S_03F3670S,關廟服務區-田寮,03F3588S,關廟服務區,0000300035900D,120.340164,22.969757,03F3670S,田寮,0000300036700D,120.35477,22.90197,8.2,South
03F3670N_03F3588N,關廟服務區-關廟,03F3670N,關廟服務區,0000300136700D,120.35477,22.90197,03F3588N,關廟,0000300135900D,120.340164,22.969757,8.2,North
03F3670S_03F3743S,田寮-燕巢系統,03F3670S,田寮,0000300036700D,120.35477,22.90197,03F3743S,燕巢系統,0000300037400E,120.38543,22.845121,7.3,South
03F3743N_03F3670N,田寮-關廟服務區,03F3743N,田寮,0000300137400E,120.38543,22.845121,03F3670N,關廟服務區,0000300136700D,120.35477,22.90197,7.3,North
03F3743S_01F3590N,燕巢系統-楠梓(南),03F3743S,燕巢系統,0000300037400E,120.38543,22.845121,01F3590N,楠梓(南),0000100135900E,120.328181,22.703364,29.3,North
03F3743S_01F3640S,燕巢系統-高雄(北),03F3743S,燕巢系統,0000300037400E,120.38543,22.845121,01F3640S,高雄(北),0000100036400E,120.332081,22.658892,28.3,South
03F3743S_03F3854S,燕巢系統-九如,03F3743S,燕巢系統,0000300037400E,120.38543,22.845121,03F3854S,九如,0000300038600E,120.44184,22.769197,11.1,South
03F3854N_01F3590N,燕巢系統-楠梓(南),03F3854N,燕巢系統,0000300138600E,120.44184,22.769197,01F3590N,楠梓(南),0000100135900E,120.328181,22.703364,23.9,North
03F3854N_01F3640S,燕巢系統-高雄(北),03F3854N,燕巢系統,0000300138600E,120.44184,22.769197,01F3640S,高雄(北),0000100036400E,120.332081,22.658892,22.9,South
03F3854N_03F3743N,燕巢系統-田寮,03F3854N,燕巢系統,0000300138600E,120.44184,22.769197,03F3743N,田寮,0000300137400E,120.38543,22.845121,11.1,North
03F3854S_03F3916S,九如-屏東,03F3854S,九如,0000300038600E,120.44184,22.769197,03F3916S,屏東,0000300039200T,120.49684,22.749792,6.2,South
03F3916N_03F3854N,九如-燕巢系統,03F3916N,九如,0000300139200T,120.49684,22.749792,03F3854N,燕巢系統,0000300138600E,120.44184,22.769197,6.2,North
03F3916S_03F3981S,屏東-長治,03F3916S,屏東,0000300039200T,120.49684,22.749792,03F3981S,長治,0000300039800T,120.53934,22.7058,6.5,South
03F3981S_03F4018S,長治-麟洛,03F3981S,長治,0000300039800T,120.53934,22.7058,03F4018S,麟洛,0000300040200T,120.56309,22.682775,3.7,South
03F3984N_03F3916N,屏東-九如,03F3984N,屏東,0000300139800T,120.54113,22.704641,03F3916N,九如,0000300139200T,120.49684,22.749792,6.8,North
03F4018S_03F4142S,麟洛-竹田系統,03F4018S,麟洛,0000300040200T,120.56309,22.682775,03F4142S,竹田系統,0000300041400T,120.52616,22.579586,12.4,South
03F4021N_03F3984N,長治-屏東,03F4021N,長治,0000300140200T,120.56331,22.680347,03F3984N,屏東,0000300139800T,120.54113,22.704641,3.7,North
03F4142N_03F4021N,麟洛-長治,03F4142N,麟洛,0000300141400T,120.52616,22.579586,03F4021N,長治,0000300140200T,120.56331,22.680347,12.1,North
03F4142S_01F3696N,竹田系統-高雄(南),03F4142S,竹田系統,0000300041400T,120.52616,22.579586,01F3696N,高雄(南),0000100137000E,120.339608,22.609428,23.2,North
03F4142S_03F4168S,竹田系統-坎頂,03F4142S,竹田系統,0000300041400T,120.52616,22.579586,03F4168S,坎頂,0000300041700T,120.52456,22.557186,2.6,South
03F4168N_01F3696N,竹田系統-高雄(南),03F4168N,竹田系統,0000300141700T,120.52476,22.557407,01F3696N,高雄(南),0000100137000E,120.339608,22.609428,24.1,North
03F4168N_03F4142N,竹田系統-麟洛,03F4168N,竹田系統,0000300141700T,120.52476,22.557407,03F4142N,麟洛,0000300141400T,120.52616,22.579586,2.6,North
03F4168S_03F4232S,坎頂-南州,03F4168S,坎頂,0000300041700T,120.52456,22.557186,03F4232S,南州,0000300042300T,120.52577,22.501368,6.4,South
03F4232N_03F4168N,坎頂-竹田系統,03F4232N,坎頂,0000300142300T,120.52577,22.501368,03F4168N,竹田系統,0000300141700T,120.52476,22.557407,6.4,North
03F4232S_03F4263S,南州-林邊,03F4232S,南州,0000300042300T,120.52577,22.501368,03F4263S,林邊,0000300042600T,120.530846,22.47466,3.1,South
03F4259N_03F4232N,南州-坎頂,03F4259N,南州,0000300142600T,120.53139,22.477465,03F4232N,坎頂,0000300142300T,120.52577,22.501368,2.7,North
05F0000S_05F0055S,石碇-坪林交控中心專用道,05F0000S,石碇,0000501001000A,121.62302,25.035183,05F0055S,坪林交控中心專用道,0000500000500F,121.652084,24.996504,5.5,South
05F0001N_03F0150N,南港系統-南港,05F0001N,南港系統,0000500100000A,121.62472,25.035036,03F0150N,南港,0000301105010F,121.624789,25.042389,1,North
05F0001N_03F0201S,南港系統-木柵,05F0001N,南港系統,0000500100000A,121.62472,25.035036,03F0201S,木柵,0000300001990F,121.595981,25.007436,4.8,South
05F0055N_05F0001N,石碇-南港系統,05F0055N,石碇,0000500100500F,121.652084,24.996504,05F0001N,南港系統,0000500100000A,121.62472,25.035036,5.4,North
05F0055S_05F0287S,坪林交控中心專用道-頭城,05F0055S,坪林交控中心專用道,0000500000500F,121.652084,24.996504,05F0287S,頭城,0000500002820G,121.789185,24.842714,23.2,South
05F0287N_05F0055N,坪林交控中心專用道-石碇,05F0287N,坪林交控中心專用道,0000500102820G,121.789185,24.842714,05F0055N,石碇,0000500100500F,121.652084,24.996504,23.2,North
05F0287S_05F0309S,頭城-宜蘭(北),05F0287S,頭城,0000500002820G,121.789185,24.842714,05F0309S,宜蘭(北),0000500003100G,121.78635,24.823656,2.2,South
05F0309N_05F0287N,頭城-坪林交控中心專用道,05F0309N,頭城,0000500103100G,121.78635,24.823656,05F0287N,坪林交控中心專用道,0000500102820G,121.789185,24.842714,2.2,North
05F0309S_05F0439S,宜蘭(北)-羅東,05F0309S,宜蘭(北),0000500003100G,121.78635,24.823656,05F0439S,羅東,0000500004400G,121.78946,24.710684,13,South
05F0438N_05F0309N,宜蘭(南)-頭城,05F0438N,宜蘭(南),0000500104400G,121.789474,24.711027,05F0309N,頭城,0000500103100G,121.78635,24.823656,12.9,North
05F0438N_05FR143N,宜蘭(南)-宜蘭(北),05F0438N,宜蘭(南),0000500104400G,121.789474,24.711027,05FR143N,宜蘭(北),0000501105010G,121.782364,24.733961,2.5,North
05F0439S_05F0494S,羅東-蘇澳,05F0439S,羅東,0000500004400G,121.78946,24.710684,05F0494S,蘇澳,0000500004900G,121.79991,24.66258,5.5,South
05F0528N_05F0438N,羅東-宜蘭(南),05F0528N,羅東,0000500105300G,121.80696,24.632729,05F0438N,宜蘭(南),0000500104400G,121.789474,24.711027,9,North
05FR113S_05F0439S,宜蘭(南)-羅東,05FR113S,宜蘭(南),0000501005010G,121.78202,24.73379,05F0439S,羅東,0000500004400G,121.78946,24.710684,2.6,South
01F0578S_01F0633S,中壢-平鎮系統,01F0578S,中壢,0000100005750H,121.233197,24.984414,01F0633S,平鎮系統,0000100006300H,121.195594,24.949281,5.5,South
01F0633N_01F0584N,中壢-內壢,01F0633N,中壢,0000100106300H,121.195594,24.949281,01F0584N,內壢,0000100105800H,121.228944,24.980558,4.9,North
